Nation ID,Nationality,OB Slot No,Name,Nation,Class ID,Class,Cost,Size,Crew,Speed,Swim Spd,Move Class ID,Move Class,Radio%,Survivability,Lift Cap,Load Cost,1st Month Avail,1st Year Avail,Last Month Avail,Last Year Avail,Fire Control,Stabiliser,Vision,Nr S/D,Rate of Fire,EW,Range Finder,Weapon 1,Wpn 1 Name,Wpn1 HE Rds,Wpn1 AP Rds,Wpn1 HEAT Rds,Wpn1 SABOT Rds,Wpn1 Sound,Weapon 2,Wpn 2 Name,Wpn2 HE Rds,Wpn2 AP Rds,Wpn2 Sound,Weapon 3,Wpn 3 Name,Wpn3 HE Rds,Wpn3 AP Rds,Wpn3 Sound,Weapon 4,Wpn 4 Name,Wpn4 HE Rds,Wpn4 AP Rds,Wpn4 Sound,Steel HF,Steel HS,Steel HR,Steel TF,Steel TS,Steel TR,Steel Top,HEAT HF,HEAT HS,HEAT HR,HEAT TF,HEAT TS,HEAT TR,HEAT Top,ERA HF,ERA HS,ERA HR,ERA TF,ERA TS,ERA TR,ERA Top,Unit Sound,Graphic (Icon) ID,Picture (LBM) ID
14,Ataxian Hive,9,Carapace Walker Mk.I,14,59,Siege Walker,92,4,4,18,0,4,Track,72,4,13,27,1,69,12,80,5,0,20,0,6,0,6,92,Acid Cannon-II,0,18,6,0,0,62,Spine Gun (Coax),120,0,0,54,Heavy Spine Gun (AA),90,0,111,61,Spine Gun (Bow),0,0,0,19,8,6,20,15,6,4,19,16,6,20,15,6,4,0,0,0,0,0,0,0,0,1600,14263
14,Ataxian Hive,10,Carapace Walker Mk.Ib,14,59,Siege Walker,146,4,4,18,0,4,Track,82,4,13,27,1,81,12,90,5,1,20,0,6,0,22,102,Acid Cannon Mk.IV,0,0,18,6,0,62,Spine Gun (Coax),120,0,0,54,Heavy Spine Gun (AA),90,0,111,61,Spine Gun (Bow),0,0,0,19,8,6,20,15,6,4,19,16,6,20,15,6,4,0,0,0,0,0,0,0,0,1602,14263
14,Ataxian Hive,11,Carapace Walker Mk.II,14,59,Siege Walker,154,4,4,18,0,4,Track,82,4,13,27,1,83,12,89,10,1,25,0,6,0,22,245,Acid Cannon-L7,0,0,15,9,0,62,Spine Gun (Coax),120,0,0,52,Heavy Spine Gun-85 (AA),90,0,111,61,Spine Gun (Bow),0,0,0,19,8,6,20,15,6,4,19,16,6,20,15,6,4,0,0,0,0,0,0,0,0,1602,14264
14,Ataxian Hive,12,Carapace Walker Mk.II,14,59,Siege Walker,157,4,4,18,0,4,Track,82,4,13,27,1,86,12,110,10,1,25,0,6,0,22,247,Acid Cannon-L7H,0,0,15,9,0,62,Spine Gun (Coax),120,0,0,52,Heavy Spine Gun-85 (AA),90,0,111,61,Spine Gun (Bow),0,0,0,19,8,6,20,15,6,4,19,16,6,20,15,6,4,0,0,0,0,0,0,0,0,1602,14264
14,Ataxian Hive,15,Carapace Walker Mk.IV,14,59,Siege Walker,156,4,4,18,0,4,Track,82,4,13,30,1,82,12,85,10,2,30,0,6,0,22,92,Acid Cannon-II,0,0,12,9,0,62,Spine Gun (Coax),120,0,0,52,Heavy Spine Gun-85 (AA),90,0,111,61,Spine Gun (Bow),0,0,0,19,8,6,23,15,6,4,20,18,6,24,16,7,4,0,0,0,0,0,0,0,0,1606,14256
14,Ataxian Hive,16,Carapace Walker Mk.IVb,14,135,Siege Walker,160,4,4,18,0,4,Track,82,4,13,30,1,83,12,99,10,2,30,0,6,0,22,98,Acid Cannon-L7M,0,0,12,9,0,62,Spine Gun (Coax),120,0,0,52,Heavy Spine Gun-85 (AA),90,0,111,61,Spine Gun (Bow),0,0,0,19,8,6,23,15,6,4,20,18,6,24,16,7,4,0,0,0,0,0,0,0,0,1606,14256
14,Ataxian Hive,17,Siege Walker Mk.I,14,59,Siege Walker,135,4,4,22,0,4,Track,82,4,13,35,1,86,12,94,20,2,35,1,6,0,6,103,Acid Cannon Mk.V,0,0,15,9,0,64,Spine Gun-67 (Coax),120,0,0,54,Heavy Spine Gun (AA),90,0,111,0,,0,0,0,21,8,6,26,15,6,4,21,18,6,26,15,6,4,0,0,0,0,0,0,0,0,1607,14258
14,Ataxian Hive,18,Siege Walker Mk.II,14,135,Siege Walker,179,4,4,22,0,4,Track,82,4,13,35,1,95,12,104,20,2,35,1,6,0,22,96,Acid Cannon Mk.VI,0,0,15,9,0,64,Spine Gun-67 (Coax),120,0,0,54,Heavy Spine Gun (AA),90,0,111,0,,0,0,0,21,8,6,26,15,6,4,21,18,6,26,15,6,4,0,0,0,0,0,0,0,0,1607,14258
14,Ataxian Hive,19,Siege Walker Mk.V,14,59,Siege Walker,189,4,4,22,0,4,Track,82,4,13,40,1,88,12,94,20,2,35,1,6,0,22,103,Acid Cannon Mk.V,0,0,15,9,0,64,Spine Gun-67 (Coax),120,0,0,54,Heavy Spine Gun (AA),90,0,111,0,,0,0,0,27,10,6,31,17,7,4,30,18,9,43,28,12,5,0,0,0,0,0,0,0,0,3430,65377
14,Ataxian Hive,20,Siege Walker Mk.V,14,59,Siege Walker,192,4,4,22,0,4,Track,82,4,13,40,1,95,12,105,20,2,35,1,6,0,22,96,Acid Cannon Mk.VI,0,0,15,9,0,64,Spine Gun-67 (Coax),120,0,0,54,Heavy Spine Gun (AA),90,0,111,0,,0,0,0,27,10,6,31,17,7,4,30,18,9,43,28,12,5,0,0,0,0,0,0,0,0,3430,14260
14,Ataxian Hive,21,Siege Walker Mk.III,14,135,Siege Walker,198,4,4,21,0,4,Track,92,4,13,42,1,87,12,110,20,2,35,2,6,0,22,247,Acid Cannon-L7H,0,0,19,9,0,64,Spine Gun-67 (Coax),120,0,0,52,Heavy Spine Gun-85 (AA),90,0,111,0,,0,0,0,24,10,6,41,16,8,4,36,18,7,62,24,12,5,0,0,0,0,0,0,0,0,3432,14218
14,Ataxian Hive,22,Siege Walker Mk.IIIM,14,135,Siege Walker,243,4,3,20,0,4,Track,92,4,13,42,1,92,12,120,24,3,35,2,7,0,22,100,Siege Cannon-92,0,0,12,12,0,64,Spine Gun-67 (Coax),120,0,0,52,Heavy Spine Gun-85 (AA),90,0,111,0,,0,0,0,41,13,6,44,20,10,5,41,23,7,69,22,12,6,0,0,0,0,0,0,0,0,3435,14218
14,Ataxian Hive,23,Siege Walker Mk.IV,14,135,Siege Walker,252,4,3,22,0,4,Track,92,4,13,42,1,95,12,101,28,3,35,2,7,0,22,101,Siege Cannon-95,0,0,12,12,0,64,Spine Gun-67 (Coax),120,0,0,52,Heavy Spine Gun-85 (AA),90,0,111,0,,0,0,0,40,13,6,40,20,10,5,48,23,7,61,22,12,6,0,0,0,0,0,0,0,0,3434,14218
14,Ataxian Hive,35,Prowler,14,12,Prowler,69,3,4,20,0,4,Track,62,4,13,19,1,63,12,85,5,0,10,0,7,0,6,88,Acid Gun-85T,0,15,10,0,0,62,Spine Gun (Coax),120,0,0,54,Heavy Spine Gun (AA),90,0,111,61,Spine Gun (Bow),0,0,0,10,6,4,10,8,4,3,0,0,0,0,0,0,0,0,0,0,0,0,0,0,0,29,14213
14,Ataxian Hive,36,Prowler Mk.I,14,12,Prowler,121,3,4,20,0,4,Track,72,4,13,19,1,80,12,100,5,1,20,0,7,0,22,90,Acid Gun-85TB,0,10,15,0,0,62,Spine Gun (Coax),120,0,0,54,Heavy Spine Gun (AA),90,0,111,61,Spine Gun (Bow),0,0,0,10,6,4,10,8,4,3,0,0,0,0,0,0,0,0,0,0,0,0,0,0,0,29,14213
14,Ataxian Hive,40,Spine Flak Beast-63,14,22,Spine Flak Beast,38,5,5,16,0,4,Track,51,4,0,22,1,63,12,85,6,0,0,0,9,0,4,70,Twin Spine Flak-37T,0,5,0,0,0,0,,0,0,0,0,,0,0,0,61,Spine Gun (Bow),0,0,0,9,6,7,2,2,2,0,0,0,0,0,0,0,0,0,0,0,0,0,0,0,0,2432,65507
14,Ataxian Hive,42,Spine Flak Beast-56,14,22,Spine Flak Beast,22,4,4,22,0,3,A/T Wheel,51,4,0,10,1,56,12,120,2,0,0,0,9,0,1,55,Twin Heavy Spine (AA),0,5,0,0,111,0,,0,0,0,0,,0,0,0,0,,0,0,0,2,1,1,2,1,1,0,0,0,0,0,0,0,0,0,0,0,0,0,0,0,0,1853,23492
14,Ataxian Hive,43,Spine Flak Runner,14,128,Light SPAA Vehicle,81,5,6,16,0,4,Track,70,4,0,21,1,80,12,120,10,0,10,0,9,2,6,59,Twin Heavy Spine Flak-57,0,7,0,0,0,0,,0,0,0,0,,0,0,0,0,,0,0,0,19,8,5,2,2,2,0,0,0,0,0,0,0,0,0,0,0,0,0,0,0,0,2682,14215
14,Ataxian Hive,44,Spine Flak Beast-88,14,22,Spine Flak Beast,100,4,6,16,0,4,Track,80,4,0,20,1,89,12,120,100,2,20,0,9,2,6,70,Twin Spine Flak-37T,0,7,0,0,0,0,,0,0,0,0,,0,0,0,0,,0,0,0,19,8,5,2,2,1,2,0,0,0,0,0,0,0,0,0,0,0,0,0,0,0,293,14216
14,Ataxian Hive,45,25mm Spine 87 AA,14,8,Spine Flak Nest,35,2,6,0,0,0,Default,82,0,0,4,1,88,12,120,10,0,0,0,9,0,5,242,Twin Spine Flak-25,0,0,0,0,0,5,Thorn Spitter Mk.II,60,0,0,0,,0,0,0,0,,0,0,0,0,0,0,0,0,0,0,0,0,0,0,0,0,0,0,0,0,0,0,0,0,0,1979,14214
14,Ataxian Hive,49,Brood Pod (Support),14,122,Light Support APC,19,3,2,27,0,3,A/T Wheel,72,3,108,10,1,55,12,105,0,0,0,0,9,0,0,54,Heavy Spine Gun (AA),0,0,0,0,111,0,,0,0,0,0,,0,0,0,0,,0,0,0,1,1,1,1,1,1,0,0,0,0,0,0,0,0,0,0,0,0,0,0,0,0,2927,11051
14,Ataxian Hive,52,Light Hauler,14,183,Light Truck,12,2,2,20,0,3,A/T Wheel,61,0,112,10,1,46,12,120,0,0,0,0,0,0,0,0,,0,0,0,0,0,0,,0,0,0,0,,0,0,0,0,,0,0,0,0,0,0,0,0,0,0,0,0,0,0,0,0,0,0,0,0,0,0,0,0,0,878,65014
14,Ataxian Hive,53,Light Hauler,14,26,Utility Vehicle,12,2,2,20,0,3,A/T Wheel,61,0,112,10,1,46,12,120,0,0,0,0,0,0,0,0,,0,0,0,0,0,0,,0,0,0,0,,0,0,0,0,,0,0,0,0,0,0,0,0,0,0,0,0,0,0,0,0,0,0,0,0,0,0,0,0,0,878,65014
14,Ataxian Hive,54,Skitter Runner-S,14,26,Utility Vehicle,11,2,2,25,0,3,A/T Wheel,90,0,106,10,1,65,12,120,0,0,0,0,9,0,0,0,,0,0,0,0,0,0,,0,0,0,0,,0,0,0,0,,0,0,0,0,0,0,0,0,0,0,0,0,0,0,0,0,0,0,0,0,0,0,0,0,0,2969,32182
14,Ataxian Hive,56,Warrior Beast,14,25,Carrier Beast,102,4,3,24,2,4,Track,81,4,108,11,1,92,12,120,5,0,20,0,7,0,4,81,Acid Gun-73,0,0,20,0,0,154,Acid Lance Mk.IC,0,4,0,64,Spine Gun-67 (Coax),120,0,0,0,,0,0,0,3,2,2,4,3,2,1,0,0,0,0,0,0,0,0,0,0,0,0,0,0,0,3399,14452
14,Ataxian Hive,57,Carrier Beast,14,25,Carrier Beast,28,4,2,16,4,4,Track,42,4,114,12,1,77,12,105,0,0,0,0,9,0,0,54,Heavy Spine Gun (AA),0,0,0,0,111,0,,0,0,0,0,,0,0,0,0,,0,0,0,2,1,1,2,1,1,1,0,0,0,0,0,0,0,0,0,0,0,0,0,0,0,2080,11057
14,Ataxian Hive,58,Carrier Beast A,14,25,Carrier Beast,30,3,2,20,2,4,Track,52,4,113,10,1,68,12,110,0,0,0,0,9,0,0,54,Heavy Spine Gun (AA),0,0,0,0,111,0,,0,0,0,0,,0,0,0,0,,0,0,0,4,3,2,2,2,2,2,0,0,0,0,0,0,0,0,0,0,0,0,0,0,0,2290,65010
14,Ataxian Hive,59,Carrier Beast-89,14,25,Carrier Beast,33,3,2,22,3,4,Track,82,3,115,11,6,90,12,120,0,0,0,0,9,0,0,52,Heavy Spine Gun-85 (AA),0,0,0,0,111,0,,0,0,0,0,,0,0,0,0,,0,0,0,4,3,2,2,2,2,2,0,0,0,0,0,0,0,0,0,0,0,0,0,0,0,3429,65411
14,Ataxian Hive,61,Chitin Hauler,14,131,Cavalry Tank,93,4,3,24,2,4,Track,81,4,108,11,1,92,12,120,5,0,20,0,7,0,4,81,Acid Gun-73,0,0,20,0,0,156,Acid Lance Mk.I,0,5,0,64,Spine Gun-67 (Coax),120,0,0,0,,0,0,0,3,2,2,4,3,2,1,0,0,0,0,0,0,0,0,0,0,0,0,0,0,0,292,65390
14,Ataxian Hive,63,Warrior Beast Mk.I,14,25,Carrier Beast,65,4,3,24,2,4,Track,82,4,108,11,1,95,12,120,5,0,20,1,9,0,8,74,Spine Cannon-25,0,34,0,0,0,64,Spine Gun-67 (Coax),120,0,0,0,,0,0,0,0,,0,0,0,3,2,2,4,3,2,1,0,0,0,0,0,0,0,0,0,0,0,0,0,0,0,3415,14402
14,Ataxian Hive,64,Runner Pod,14,23,Runner Beast,17,4,2,22,0,3,A/T Wheel,32,4,115,10,1,50,12,100,0,0,0,0,9,0,0,60,Spine Gun (AA),0,0,0,0,0,0,,0,0,0,0,,0,0,0,0,,0,0,0,2,1,1,2,1,1,0,0,0,0,0,0,0,0,0,0,0,0,0,0,0,0,3232,11056
14,Ataxian Hive,67,Runner Beast,14,23,Runner Beast,63,3,3,30,3,3,A/T Wheel,92,4,109,12,1,95,12,120,5,0,20,1,9,0,8,74,Spine Cannon-25,0,20,0,0,0,64,Spine Gun-67 (Coax),120,0,0,0,,0,0,0,0,,0,0,0,3,2,2,3,2,2,2,0,0,0,0,0,0,0,0,0,0,0,0,0,0,0,305,14405
14,Ataxian Hive,69,Bore Beetle Team,14,208,Inf-RR Team,15,0,4,4,0,0,Default,42,0,0,0,1,67,12,120,0,0,0,0,7,0,0,47,Thorn Launcher-75,0,0,8,0,0,6,Thorn Spitter,60,0,0,121,Spore Grenade,8,0,0,0,,0,0,0,0,0,0,0,0,0,0,0,0,0,0,0,0,0,0,0,0,0,0,0,0,0,0,23000
14,Ataxian Hive,70,Bore Beetle Team,14,208,Inf-RR Team,15,0,4,4,0,0,Default,42,0,0,0,1,82,12,120,0,0,0,0,7,0,0,45,Bore Launcher-65,0,0,8,0,0,5,Thorn Spitter Mk.II,60,0,0,121,Spore Grenade,8,0,0,0,,0,0,0,0,0,0,0,0,0,0,0,0,0,0,0,0,0,0,0,0,0,0,0,0,0,0,23000
14,Ataxian Hive,74,Heavy Spore Mortar,14,152,Siege Spore Mortar,52,1,12,1,0,0,Default,90,0,0,2,1,85,12,120,0,0,0,0,5,0,0,235,Heavy Spore Mortar-86,0,0,0,0,0,235,Heavy Spore Mortar-86,40,0,0,4,Spine Carbine Mk.II,60,0,0,0,,0,0,0,0,0,0,0,0,0,0,0,0,0,0,0,0,0,0,0,0,0,0,0,0,0,68,34115
14,Ataxian Hive,76,Spore Mortar Team,14,5,Spore Mortar,27,1,8,2,0,0,Default,92,0,0,0,1,60,12,120,0,0,0,0,7,0,0,40,Spore Mortar,0,0,0,0,0,40,Spore Mortar,50,0,0,8,Spine Rifle Mk.II,60,0,160,0,,0,0,0,0,0,0,0,0,0,0,0,0,0,0,0,0,0,0,0,0,0,0,0,0,0,67,11075
14,Ataxian Hive,77,Spore Mortar Team,14,5,Spore Mortar,32,1,8,2,0,0,Default,92,0,0,0,1,85,12,120,0,0,0,0,7,0,0,43,Spore Mortar-87,0,0,0,0,0,43,Spore Mortar-87,50,0,0,7,Spine Rifle Mk.III,60,0,0,0,,0,0,0,0,0,0,0,0,0,0,0,0,0,0,0,0,0,0,0,0,0,0,0,0,0,67,11075
14,Ataxian Hive,78,Heavy Spore Mortar,14,152,Siege Spore Mortar,45,1,12,1,0,0,Default,90,0,0,2,1,55,12,85,0,0,0,0,5,0,0,42,Heavy Spore Mortar-55,0,0,0,0,0,42,Heavy Spore Mortar-55,40,0,0,4,Spine Carbine Mk.II,60,0,0,0,,0,0,0,0,0,0,0,0,0,0,0,0,0,0,0,0,0,0,0,0,0,0,0,0,0,68,34115
14,Ataxian Hive,79,Spore Mortar-100,14,152,Siege Spore Mortar,33,1,8,1,0,0,Default,90,0,0,1,1,72,12,100,0,0,0,0,6,0,0,67,Spore Mortar-100,0,0,0,0,0,67,Spore Mortar-100,40,0,0,8,Spine Rifle Mk.II,60,0,160,0,,0,0,0,0,0,0,0,0,0,0,0,0,0,0,0,0,0,0,0,0,0,0,0,0,0,68,34115
14,Ataxian Hive,81,Spore Mortar-100,0,152,Siege Spore Mortar,39,1,8,1,0,0,Default,92,0,0,1,1,90,12,120,0,0,0,0,6,0,0,69,Spore Mortar-89,0,0,0,0,0,69,Spore Mortar-89,40,0,0,7,Spine Rifle Mk.III,60,0,0,0,,0,0,0,0,0,0,0,0,0,0,0,0,0,0,0,0,0,0,0,0,0,0,0,0,0,68,34115
14,Ataxian Hive,82,Bore Beetle Gun,14,6,Impaler Emplacement,14,1,6,3,0,0,Default,22,0,0,0,1,58,12,88,2,0,0,0,6,0,2,46,Bore Cannon,0,0,20,0,0,8,Spine Rifle Mk.II,60,0,160,121,Spore Grenade,6,0,0,0,,0,0,0,0,0,0,0,0,0,0,0,0,0,0,0,0,0,0,0,0,0,0,0,0,0,3048,11069
14,Ataxian Hive,86,Impaler-76,14,6,Impaler Emplacement,21,1,6,0,0,0,Default,50,0,0,3,1,54,12,83,5,0,0,0,7,0,3,84,Thorn Gun-76,0,25,20,10,0,4,Spine Carbine Mk.II,60,0,0,0,,0,0,0,0,,0,0,0,0,0,0,0,0,0,0,0,0,0,0,0,0,0,0,0,0,0,0,0,0,0,57,11090
14,Ataxian Hive,88,Impaler-100,14,6,Impaler Emplacement,24,1,6,0,0,0,Default,42,0,0,3,1,46,12,89,5,0,0,0,6,0,3,232,Impaler Gun-100,0,40,0,0,0,214,Spine Carbine-A,60,0,0,0,,0,0,0,0,,0,0,0,0,0,0,0,0,0,0,0,0,0,0,0,0,0,0,0,0,0,0,0,0,0,60,11084
14,Ataxian Hive,89,Impaler-100H,14,6,Impaler Emplacement,47,1,6,0,0,0,Default,72,0,0,3,1,86,12,120,8,0,20,0,6,0,5,231,Acid Cannon-86,0,0,20,20,0,20,Spine Carbine Mk.III,60,0,0,0,,0,0,0,0,,0,0,0,0,0,0,0,0,0,0,0,0,0,0,0,0,0,0,0,0,0,0,0,0,0,60,14459
14,Ataxian Hive,90,Thorn Cannon-76,14,9,Thorn Cannon,19,1,6,0,0,0,Default,92,0,0,3,1,46,12,105,0,0,0,0,7,0,0,109,Thorn Gun-76F,0,0,0,0,0,214,Spine Carbine-A,60,0,0,0,,0,0,0,0,,0,0,0,0,0,0,0,0,0,0,0,0,0,0,0,0,0,0,0,0,0,0,0,0,0,57,11090
14,Ataxian Hive,91,Thorn Cannon-85,14,9,Thorn Cannon,21,1,6,0,0,0,Default,91,0,0,3,1,54,12,90,0,0,0,0,7,0,0,87,Thorn Gun-85F,0,0,0,0,0,4,Spine Carbine Mk.II,60,0,0,0,,0,0,0,0,,0,0,0,0,0,0,0,0,0,0,0,0,0,0,0,0,0,0,0,0,0,0,0,0,0,60,11082
14,Ataxian Hive,92,Thorn Cannon-122,14,9,Thorn Cannon,29,2,7,0,0,0,Default,92,0,0,4,1,60,12,120,0,0,0,0,6,0,0,113,Thorn Gun-122,0,0,3,0,0,20,Spine Carbine Mk.III,60,0,0,0,,0,0,0,0,,0,0,0,0,0,0,0,0,0,0,0,0,0,0,0,0,0,0,0,0,0,0,0,0,0,60,11092
14,Ataxian Hive,93,Thorn Cannon-122H,14,9,Thorn Cannon,33,2,7,0,0,0,Default,92,0,0,4,1,85,12,120,0,0,0,0,6,0,0,110,Thorn Howitzer-122H,0,0,3,0,0,20,Spine Carbine Mk.III,60,0,0,0,,0,0,0,0,,0,0,0,0,0,0,0,0,0,0,0,0,0,0,0,0,0,0,0,0,0,0,0,0,0,60,11092
14,Ataxian Hive,94,Thorn Cannon-130,14,9,Thorn Cannon,33,2,8,0,0,0,Default,92,0,0,3,1,59,12,120,0,0,0,0,6,0,0,115,Thorn Gun-130,0,0,3,0,0,20,Spine Carbine Mk.III,60,0,0,0,,0,0,0,0,,0,0,0,0,0,0,0,0,0,0,0,0,0,0,0,0,0,0,0,0,0,0,0,0,0,60,41262
14,Ataxian Hive,95,Heavy Thorn Cannon-152,14,9,Thorn Cannon,32,3,11,0,0,0,Default,92,0,0,4,1,54,12,120,0,0,0,0,5,0,0,114,Heavy Thorn Howitzer-152,0,0,0,0,0,4,Spine Carbine Mk.II,60,0,0,0,,0,0,0,0,,0,0,0,0,0,0,0,0,0,0,0,0,0,0,0,0,0,0,0,0,0,0,0,0,0,60,11176
14,Ataxian Hive,96,Heavy Thorn Cannon-152H,14,9,Thorn Cannon,32,3,11,0,0,0,Default,91,0,0,4,1,66,12,120,0,0,0,0,5,0,0,111,Heavy Thorn Howitzer-152H,0,0,0,0,0,20,Spine Carbine Mk.III,60,0,0,0,,0,0,0,0,,0,0,0,0,0,0,0,0,0,0,0,0,0,0,0,0,0,0,0,0,0,0,0,0,0,60,11176
14,Ataxian Hive,97,Heavy Thorn Cannon-155,14,9,Thorn Cannon,101,3,11,0,0,0,Default,91,0,0,4,1,87,12,120,0,0,0,0,5,0,0,118,Heavy Thorn Howitzer-155,0,5,0,0,0,20,Spine Carbine Mk.III,60,0,0,0,,0,0,0,0,,0,0,0,0,0,0,0,0,0,0,0,0,0,0,0,0,0,0,0,0,0,0,0,0,0,60,12090
14,Ataxian Hive,100,Light Spore Mortar,14,200,Mortar(Sub Type A),20,1,6,3,0,0,Default,92,0,0,0,1,64,12,120,0,0,0,0,8,0,0,39,Light Spore Mortar,0,0,0,0,0,39,Light Spore Mortar,60,0,0,20,Spine Carbine Mk.III,60,0,0,0,,0,0,0,0,0,0,0,0,0,0,0,0,0,0,0,0,0,0,0,0,0,0,0,0,0,66,12082
14,Ataxian Hive,102,Light Spore Mortar,14,200,Mortar(Sub Type A),23,1,6,3,0,0,Default,92,0,0,0,1,87,12,120,0,0,0,0,8,0,0,131,Light Spore Mortar-83,0,0,0,0,0,131,Light Spore Mortar-83,60,0,0,5,Thorn Spitter Mk.II,60,0,0,0,,0,0,0,0,0,0,0,0,0,0,0,0,0,0,0,0,0,0,0,0,0,0,0,0,0,66,12082
14,Ataxian Hive,103,Light Spore Mortar,14,200,Mortar(Sub Type A),30,1,6,3,0,0,Default,92,0,0,0,1,95,12,120,0,0,0,0,8,0,0,141,Light Spore Mortar-93,0,0,0,0,0,141,Light Spore Mortar-93,60,0,0,5,Thorn Spitter Mk.II,60,0,0,0,,0,0,0,0,0,0,0,0,0,0,0,0,0,0,0,0,0,0,0,0,0,0,0,0,0,66,14456
14,Ataxian Hive,106,Burrow Engine Mk.I,14,21,Burrow Engine,43,3,6,22,0,4,Track,92,4,0,15,1,70,12,120,0,0,0,0,6,0,0,112,Thorn Howitzer-122,0,0,6,0,0,54,Heavy Spine Gun (AA),90,0,111,0,,0,0,0,0,,0,0,0,2,2,1,1,1,1,0,0,0,0,0,0,0,0,0,0,0,0,0,0,0,0,1992,14415
14,Ataxian Hive,107,Burrow Engine Mk.II,14,21,Burrow Engine,48,6,4,18,0,4,Track,91,4,0,20,1,89,12,120,0,0,20,0,6,0,0,110,Thorn Howitzer-122H,0,0,0,0,0,52,Heavy Spine Gun-85 (AA),90,0,111,64,Spine Gun-67 (Coax),120,0,0,0,,0,0,0,3,2,2,2,1,1,1,0,0,0,0,0,0,0,0,0,0,0,0,0,0,0,37,14460
14,Ataxian Hive,108,Burrow Engine Mk.III,14,21,Burrow Engine,50,6,4,18,0,4,Track,91,4,0,30,5,83,12,120,0,0,20,0,5,0,0,111,Heavy Thorn Howitzer-152H,0,0,0,0,0,52,Heavy Spine Gun-85 (AA),90,0,111,64,Spine Gun-67 (Coax),120,0,0,0,,0,0,0,6,5,4,2,1,1,1,0,0,0,0,0,0,0,0,0,0,0,0,0,0,0,38,14414
14,Ataxian Hive,110,Scout Flier Mk.I,14,204,Scout Flier,89,3,1,62,0,0,Default,91,0,103,100,1,50,12,91,0,0,0,0,0,0,0,0,,0,0,0,0,0,0,,0,0,0,0,,0,0,0,0,,0,0,0,4,0,0,0,0,0,0,0,0,0,0,0,0,0,0,0,0,0,0,0,0,133,1908,9120
14,Ataxian Hive,112,Scout Flier Mk.II,14,204,Scout Flier,98,3,2,70,0,0,Default,91,0,108,100,1,86,12,100,0,0,20,0,0,0,0,0,,0,0,0,0,0,0,,0,0,0,0,,0,0,0,0,,0,0,0,4,0,0,0,0,0,0,0,0,0,0,0,0,0,0,0,0,0,0,0,0,0,932,11116
14,Ataxian Hive,116,Transport Flier,14,53,Transport Flier,85,4,3,87,0,0,Default,92,0,132,100,1,79,12,98,0,4,0,0,9,0,0,178,Heavy Spine Gun-54,0,0,0,0,111,185,Twin Spine Flak-57T,6,2,0,185,Twin Spine Flak-57T,6,2,0,0,,0,0,0,8,0,0,0,0,0,0,0,0,0,0,0,0,0,0,0,0,0,0,0,0,0,1913,45411
14,Ataxian Hive,117,Transport Flier Mk.II,14,53,Transport Flier,96,4,3,83,0,0,Default,91,0,136,100,1,90,12,104,0,4,0,0,9,0,0,178,Heavy Spine Gun-54,0,0,0,0,111,185,Twin Spine Flak-57T,12,4,0,185,Twin Spine Flak-57T,12,4,0,0,,0,0,0,10,0,0,0,0,0,0,0,0,0,0,0,0,0,0,0,0,0,0,0,0,0,86,11118
14,Ataxian Hive,119,Transport Flier-205,14,53,Transport Flier,58,3,2,76,0,0,Default,91,0,114,100,1,78,12,88,0,2,10,0,9,0,0,177,Spine Gun-57,0,0,0,0,0,177,Spine Gun-57,20,0,0,0,,0,0,0,0,,0,0,0,6,0,0,0,0,0,0,0,0,0,0,0,0,0,0,0,0,0,0,0,0,0,952,34907
14,Ataxian Hive,120,Transport Flier-212,14,53,Transport Flier,79,3,2,86,0,0,Default,91,0,115,100,1,79,12,88,0,2,10,0,9,2,0,177,Spine Gun-57,0,0,0,0,0,177,Spine Gun-57,20,0,0,0,,0,0,0,0,,0,0,0,6,0,0,0,0,0,0,0,0,0,0,0,0,0,0,0,0,0,0,0,0,0,955,34909
14,Ataxian Hive,122,Transport Flier-H,14,53,Transport Flier,157,4,3,99,0,0,Default,91,0,214,100,1,85,12,111,0,4,30,0,9,3,0,178,Heavy Spine Gun-54,0,0,0,0,111,178,Heavy Spine Gun-54,20,0,111,0,,0,0,0,0,,0,0,0,10,2,0,0,0,0,0,0,0,0,0,0,0,0,0,0,0,0,0,0,0,0,957,14444
14,Ataxian Hive,124,Hover Drone Mk.I,14,53,Transport Flier,53,4,2,70,0,0,Default,92,0,112,100,1,63,12,120,0,2,0,0,9,0,0,177,Spine Gun-57,0,0,0,0,0,0,,0,0,0,0,,0,0,0,0,,0,0,0,6,0,0,0,0,0,0,0,0,0,0,0,0,0,0,0,0,0,0,0,0,0,1912,11114
14,Ataxian Hive,125,Hover Drone Mk.II,14,53,Transport Flier,73,4,3,87,0,0,Default,92,0,112,100,1,79,12,98,0,4,0,0,9,0,0,178,Heavy Spine Gun-54,0,0,0,0,111,0,,0,0,0,0,,0,0,0,0,,0,0,0,8,0,0,0,0,0,0,0,0,0,0,0,0,0,0,0,0,0,0,0,0,0,1913,11118
14,Ataxian Hive,126,Hover Drone Mk.II,14,53,Transport Flier,78,4,3,87,0,0,Default,91,0,112,100,1,79,12,98,0,4,0,0,9,0,0,178,Heavy Spine Gun-54,0,0,0,0,111,185,Twin Spine Flak-57T,4,2,0,185,Twin Spine Flak-57T,4,2,0,0,,0,0,0,8,0,0,0,0,0,0,0,0,0,0,0,0,0,0,0,0,0,0,0,0,0,1910,11118
14,Ataxian Hive,127,Hover Drone Mk.III,14,53,Transport Flier,78,3,2,86,0,0,Default,91,0,115,100,1,84,12,120,0,2,10,0,9,2,0,178,Heavy Spine Gun-54,0,0,0,0,111,0,,0,0,0,0,,0,0,0,0,,0,0,0,6,0,0,0,0,0,0,0,0,0,0,0,0,0,0,0,0,0,0,0,0,0,953,34909
14,Ataxian Hive,129,Scout Flier,14,204,Scout Flier,147,3,2,95,0,0,Default,91,0,107,100,1,82,12,120,0,4,20,0,9,2,0,177,Spine Gun-57,0,0,0,0,0,0,,0,0,0,0,,0,0,0,0,,0,0,0,6,0,0,0,0,0,0,0,0,0,0,0,0,0,0,0,0,0,0,0,0,0,779,14270
14,Ataxian Hive,130,Scout Flier B,14,204,Scout Flier,161,3,2,95,0,0,Default,91,0,107,100,1,94,12,120,0,4,30,0,9,3,0,177,Spine Gun-57,0,0,0,0,0,0,,0,0,0,0,,0,0,0,0,,0,0,0,6,0,0,0,0,0,0,0,0,0,0,0,0,0,0,0,0,0,0,0,0,0,780,14270
14,Ataxian Hive,143,Swoop Drone Mk.I,14,44,Swoop Drone,57,4,1,11,0,0,Default,92,0,0,0,1,50,12,80,5,0,0,0,9,0,0,181,Spine Cannon-23,0,2,0,0,0,184,Spine Cannon-37,6,1,0,193,Light Spore Bomb,2,0,221,0,,0,0,0,8,0,0,0,0,0,0,0,0,0,0,0,0,0,0,0,0,0,0,0,0,0,2151,11131
14,Ataxian Hive,144,Swoop Drone Mk.I,14,44,Swoop Drone,64,4,1,11,0,0,Default,92,0,0,0,1,50,12,80,5,0,0,0,9,0,0,181,Spine Cannon-23,0,2,0,0,0,184,Spine Cannon-37,6,1,0,201,Twin Bio-Rockets,1,0,0,201,Twin Bio-Rockets,0,0,0,8,0,0,0,0,0,0,0,0,0,0,0,0,0,0,0,0,0,0,0,0,0,2151,11131
14,Ataxian Hive,146,Swoop Drone Mk.II,14,44,Swoop Drone,51,4,1,11,0,0,Default,92,0,0,0,1,56,12,102,5,0,0,0,9,0,0,181,Spine Cannon-23,0,2,0,0,0,184,Spine Cannon-37,6,1,0,194,Spore Bomb,2,0,0,194,Spore Bomb,0,0,0,6,0,0,0,0,0,0,0,0,0,0,0,0,0,0,0,0,0,0,0,0,0,2151,11132
14,Ataxian Hive,147,Swoop Drone Mk.IIA,14,44,Swoop Drone,62,4,1,11,0,0,Default,92,0,0,0,1,65,12,92,5,0,0,0,9,0,0,181,Spine Cannon-23,0,2,0,0,0,184,Spine Cannon-37,6,1,0,201,Twin Bio-Rockets,2,0,0,201,Twin Bio-Rockets,0,0,0,6,0,0,0,0,0,0,0,0,0,0,0,0,0,0,0,0,0,0,0,0,0,2810,11132
14,Ataxian Hive,148,Swoop Drone Mk.IIb,14,44,Swoop Drone,75,4,1,11,0,0,Default,91,0,0,0,1,88,12,102,5,0,10,0,9,1,0,181,Spine Cannon-23,0,3,0,0,0,200,Spore Cluster (HE),2,0,0,0,,0,0,0,0,,0,0,0,6,0,0,0,0,0,0,0,0,0,0,0,0,0,0,0,0,0,0,0,0,0,2151,11132
14,Ataxian Hive,149,Swoop Drone Mk.III,14,44,Swoop Drone,72,4,1,15,0,0,Default,92,0,0,0,9,64,12,91,10,0,0,0,9,1,0,180,Spine Cannon-30,0,3,0,0,0,195,Heavy Spore Bomb,2,0,0,0,,0,0,0,0,,0,0,0,7,0,0,0,0,0,0,0,0,0,0,0,0,0,0,0,0,0,0,0,0,0,2153,11138
14,Ataxian Hive,150,Swoop Drone Mk.IIIA,14,44,Swoop Drone,74,4,1,15,0,0,Default,92,0,0,0,1,74,12,82,10,0,10,0,9,1,0,180,Spine Cannon-30,0,2,0,0,0,186,Quad Spine Flak-57,4,0,0,186,Quad Spine Flak-57,4,0,0,0,,0,0,0,7,0,0,0,0,0,0,0,0,0,0,0,0,0,0,0,0,0,0,0,0,0,2155,11138
14,Ataxian Hive,152,Swoop Drone Mk.IIIC,14,44,Swoop Drone,84,4,1,15,0,0,Default,92,0,0,0,1,62,12,97,10,0,10,0,9,2,0,180,Spine Cannon-30,0,3,0,0,0,186,Quad Spine Flak-57,4,0,0,195,Heavy Spore Bomb,2,0,0,0,,0,0,0,7,0,0,0,0,0,0,0,0,0,0,0,0,0,0,0,0,0,0,0,0,0,2155,11138
14,Ataxian Hive,153,Swoop Drone Mk.IV,14,44,Swoop Drone,83,4,1,22,0,0,Default,90,0,0,0,1,66,12,90,5,0,10,0,9,2,0,180,Spine Cannon-30,0,2,0,0,0,186,Quad Spine Flak-57,4,0,0,186,Quad Spine Flak-57,4,0,0,0,,0,0,0,8,0,0,0,0,0,0,0,0,0,0,0,0,0,0,0,0,0,0,0,0,0,2766,11141
14,Ataxian Hive,154,Swoop Drone Mk.IV,14,44,Swoop Drone,83,4,1,22,0,0,Default,91,0,0,0,1,66,12,90,5,0,10,0,9,2,0,180,Spine Cannon-30,0,2,0,0,0,195,Heavy Spore Bomb,2,0,0,195,Heavy Spore Bomb,2,0,0,0,,0,0,0,8,0,0,0,0,0,0,0,0,0,0,0,0,0,0,0,0,0,0,0,0,0,2766,11141
14,Ataxian Hive,155,Pulse Moth,14,44,Swoop Drone,109,4,1,25,0,0,Default,90,0,0,0,1,81,12,120,10,0,20,0,9,3,0,176,Spine Cannon-23T,0,1,0,0,0,196,Siege Spore Bomb,2,0,0,196,Siege Spore Bomb,2,0,0,0,,0,0,0,10,0,0,0,0,0,0,0,0,0,0,0,0,0,0,0,0,0,0,0,0,0,2713,14209
14,Ataxian Hive,156,Pulse Moth,14,44,Swoop Drone,146,4,1,23,0,0,Default,92,0,0,0,1,81,12,107,15,0,30,0,9,3,0,176,Spine Cannon-23T,0,1,0,0,0,224,Twin Bio-Rockets-90,7,0,0,224,Twin Bio-Rockets-90,7,0,0,0,,0,0,0,10,0,0,0,0,0,0,0,0,0,0,0,0,0,0,0,0,0,0,0,0,0,2713,14209
14,Ataxian Hive,157,Pulse Moth-H,14,44,Swoop Drone,162,4,1,22,0,0,Default,90,0,0,0,1,92,12,120,25,0,30,0,9,3,0,176,Spine Cannon-23T,0,1,0,0,0,196,Siege Spore Bomb,4,0,0,196,Siege Spore Bomb,4,0,0,0,,0,0,0,15,1,0,0,0,0,0,0,0,0,0,0,0,0,0,0,0,0,0,0,0,84,2712,14252
14,Ataxian Hive,159,Storm Drone,14,44,Swoop Drone,235,5,1,29,0,0,Default,91,0,0,0,1,93,12,120,15,0,30,0,9,5,0,179,Spine Cannon-30,0,1,0,0,0,166,Guided Acid Bolt,2,0,0,197,Airburst Spore Bomb,2,0,0,190,Spore Cluster-500,0,0,0,15,1,0,0,0,0,0,0,0,0,0,0,0,0,0,0,0,0,0,0,0,0,2735,56014
14,Ataxian Hive,165,Dive Drone,14,44,Swoop Drone,82,4,1,12,0,0,Default,92,0,0,0,1,70,12,105,10,0,10,0,9,1,0,176,Spine Cannon-23T,0,1,0,0,0,196,Siege Spore Bomb,2,0,0,0,,0,0,0,0,,0,0,0,10,0,0,0,0,0,0,0,0,0,0,0,0,0,0,0,0,0,0,0,0,0,2156,14145
14,Ataxian Hive,166,Dive Drone Mk.I,14,44,Swoop Drone,102,4,1,12,0,0,Default,90,0,0,0,1,83,12,105,15,0,20,0,9,2,0,176,Spine Cannon-23T,0,1,0,0,0,186,Quad Spine Flak-57,8,0,0,186,Quad Spine Flak-57,8,0,0,0,,0,0,0,10,0,0,0,0,0,0,0,0,0,0,0,0,0,0,0,0,0,0,0,0,0,2156,14145
14,Ataxian Hive,167,Pulse Moth-H,14,44,Swoop Drone,169,4,1,25,0,0,Default,90,0,0,0,1,92,12,120,25,0,30,0,9,3,0,176,Spine Cannon-23T,0,1,0,0,0,192,Spore Cluster (AP),4,0,0,0,,0,0,0,0,,0,0,0,15,1,0,0,0,0,0,0,0,0,0,0,0,0,0,0,0,0,0,0,0,84,2712,14252
14,Ataxian Hive,171,Thorn Battery-76,14,10,Hive Artillery,135,0,18,0,0,0,Default,92,0,0,0,1,46,12,105,0,0,0,0,7,0,0,109,Thorn Gun-76F,0,0,0,0,0,109,Thorn Gun-76F,90,0,0,109,Thorn Gun-76F,90,0,0,0,,0,0,0,0,0,0,0,0,0,0,0,0,0,0,0,0,0,0,0,0,0,0,0,0,0,0,11172
14,Ataxian Hive,172,Thorn Battery-85,14,10,Hive Artillery,152,0,18,0,0,0,Default,91,0,0,0,1,54,12,90,0,0,0,0,7,0,0,87,Thorn Gun-85F,0,0,0,0,0,87,Thorn Gun-85F,90,0,0,87,Thorn Gun-85F,90,0,0,0,,0,0,0,0,0,0,0,0,0,0,0,0,0,0,0,0,0,0,0,0,0,0,0,0,0,0,11082
14,Ataxian Hive,173,Thorn Battery-122,14,155,Hive Artillery,180,0,24,0,0,0,Default,91,0,0,0,1,46,12,95,0,0,0,0,6,0,0,112,Thorn Howitzer-122,0,0,0,0,0,112,Thorn Howitzer-122,70,0,0,112,Thorn Howitzer-122,70,0,0,0,,0,0,0,0,0,0,0,0,0,0,0,0,0,0,0,0,0,0,0,0,0,0,0,0,0,0,11173
14,Ataxian Hive,174,Thorn Battery-122E,14,155,Hive Artillery,186,0,21,0,0,0,Default,92,0,0,0,1,67,12,120,0,0,0,0,6,0,0,113,Thorn Gun-122,0,0,0,0,0,113,Thorn Gun-122,70,0,0,113,Thorn Gun-122,70,0,0,0,,0,0,0,0,0,0,0,0,0,0,0,0,0,0,0,0,0,0,0,0,0,0,0,0,0,0,11092
14,Ataxian Hive,175,Thorn Battery-122H,14,155,Hive Artillery,180,0,21,0,0,0,Default,92,0,0,0,1,85,12,120,0,0,0,0,6,0,0,110,Thorn Howitzer-122H,0,0,0,0,0,110,Thorn Howitzer-122H,70,0,0,110,Thorn Howitzer-122H,70,0,0,0,,0,0,0,0,0,0,0,0,0,0,0,0,0,0,0,0,0,0,0,0,0,0,0,0,0,0,11092
14,Ataxian Hive,176,Thorn Battery-130,14,155,Hive Artillery,204,0,27,0,0,0,Default,92,0,0,0,1,59,12,120,0,0,0,0,6,0,0,115,Thorn Gun-130,0,0,0,0,0,115,Thorn Gun-130,70,0,0,115,Thorn Gun-130,70,0,0,0,,0,0,0,0,0,0,0,0,0,0,0,0,0,0,0,0,0,0,0,0,0,0,0,0,0,0,41262
14,Ataxian Hive,177,Heavy Thorn Battery-152,14,156,Heavy Hive Artillery,196,0,28,0,0,0,Default,92,0,0,0,1,52,12,120,0,0,0,0,5,0,0,114,Heavy Thorn Howitzer-152,0,0,0,0,0,114,Heavy Thorn Howitzer-152,60,0,0,114,Heavy Thorn Howitzer-152,60,0,0,0,,0,0,0,0,0,0,0,0,0,0,0,0,0,0,0,0,0,0,0,0,0,0,0,0,0,0,11176
14,Ataxian Hive,178,Heavy Thorn Battery-152H,14,156,Heavy Hive Artillery,220,0,40,0,0,0,Default,91,0,0,0,1,66,12,120,0,0,0,0,5,0,0,111,Heavy Thorn Howitzer-152H,0,0,0,0,0,111,Heavy Thorn Howitzer-152H,60,0,0,111,Heavy Thorn Howitzer-152H,60,0,0,0,,0,0,0,0,0,0,0,0,0,0,0,0,0,0,0,0,0,0,0,0,0,0,0,0,0,0,11176
14,Ataxian Hive,179,Heavy Thorn Battery-155,14,156,Heavy Hive Artillery,627,0,27,0,0,0,Default,92,0,0,0,1,91,12,120,0,0,0,0,5,0,0,118,Heavy Thorn Howitzer-155,0,10,0,0,0,118,Heavy Thorn Howitzer-155,50,10,0,118,Heavy Thorn Howitzer-155,50,10,0,0,,0,0,0,0,0,0,0,0,0,0,0,0,0,0,0,0,0,0,0,0,0,0,0,0,0,0,12090
14,Ataxian Hive,180,Minespore Team,14,211,O/M Minelet Arty Bty,392,0,27,0,0,0,Default,90,0,0,0,1,88,12,120,0,0,0,0,1,0,0,117,Minespore Shells,0,3,0,0,0,117,Minespore Shells,0,3,0,117,Minespore Shells,0,3,0,0,,0,0,0,0,0,0,0,0,0,0,0,0,0,0,0,0,0,0,0,0,0,0,0,0,0,0,12090
14,Ataxian Hive,181,Thorn Support-100,14,10,Hive Artillery,348,0,99,0,0,0,Default,91,0,0,0,1,46,12,120,0,0,0,0,8,0,0,225,Acid Siege Gun-100,0,0,0,0,0,225,Acid Siege Gun-100,180,0,0,225,Acid Siege Gun-100,180,0,0,0,,0,0,0,0,0,0,0,0,0,0,0,0,0,0,0,0,0,0,0,0,0,0,0,0,0,0,14180
14,Ataxian Hive,182,Thorn Support-130,14,10,Hive Artillery,418,0,99,0,0,0,Default,91,0,0,0,1,55,12,120,0,0,0,0,7,0,0,226,Acid Siege Gun-130,0,0,0,0,0,226,Acid Siege Gun-130,160,0,0,226,Acid Siege Gun-130,160,0,0,0,,0,0,0,0,0,0,0,0,0,0,0,0,0,0,0,0,0,0,0,0,0,0,0,0,0,0,14182
14,Ataxian Hive,185,Reef Barge,14,41,Landing Barge,71,9,7,0,8,0,Default,91,6,180,101,1,46,12,120,0,0,0,0,9,0,0,246,Twin Spine Flak-20,0,0,0,0,0,236,Spine Flak-20,80,0,0,54,Heavy Spine Gun (AA),90,0,111,54,Heavy Spine Gun (AA),0,0,111,4,4,4,4,4,4,0,6,6,6,6,6,6,0,0,0,0,0,0,0,0,0,237,247
14,Ataxian Hive,186,Reef Barge-68,14,41,Landing Barge,66,9,7,0,10,0,Default,91,6,254,101,1,68,12,120,0,0,0,0,9,0,0,246,Twin Spine Flak-20,0,0,0,0,0,236,Spine Flak-20,80,0,0,54,Heavy Spine Gun (AA),90,0,111,54,Heavy Spine Gun (AA),0,0,111,4,4,4,4,4,4,0,6,6,6,6,6,6,0,0,0,0,0,0,0,0,0,248,14449
14,Ataxian Hive,187,Light Reef Barge,14,41,Landing Barge,56,8,7,0,8,0,Default,91,6,236,101,1,60,12,120,0,0,0,0,9,0,0,236,Spine Flak-20,0,0,0,0,0,54,Heavy Spine Gun (AA),90,0,111,54,Heavy Spine Gun (AA),90,0,111,54,Heavy Spine Gun (AA),0,0,111,4,4,4,4,4,4,0,6,6,6,6,6,6,0,0,0,0,0,0,0,0,0,227,247
14,Ataxian Hive,188,Reef Barge-67,14,41,Landing Barge,78,10,12,0,8,0,Default,91,6,254,102,1,64,12,120,0,0,0,0,9,0,0,242,Twin Spine Flak-25,0,0,0,0,0,242,Twin Spine Flak-25,80,0,0,0,,0,0,0,0,,0,0,0,4,4,4,4,4,4,3,6,6,6,6,6,6,3,0,0,0,0,0,0,0,0,240,14448
14,Ataxian Hive,190,Storm Drone,14,44,Swoop Drone,200,5,1,29,0,0,Default,91,0,0,0,1,93,12,120,15,0,30,0,9,5,0,179,Spine Cannon-30,0,1,0,0,0,228,Bio-Rocket Salvo,5,0,0,228,Bio-Rocket Salvo,5,0,0,190,Spore Cluster-500,0,0,0,15,1,0,0,0,0,0,0,0,0,0,0,0,0,0,0,0,0,0,0,0,0,2735,56014
14,Ataxian Hive,193,Resin Bunker,14,0,Chitin Fortification,38,1,12,0,0,0,Default,42,3,112,100,1,58,12,90,3,0,0,0,9,0,3,8,Spine Rifle Mk.II,0,0,0,0,160,38,Heavy Spine Gun,120,0,111,10,Light Spine Gun-56,120,0,0,10,Light Spine Gun-56,0,0,0,8,8,10,3,12,14,18,0,0,0,0,0,0,0,0,0,0,0,0,0,0,0,403,23495
14,Ataxian Hive,194,Resin Bunker,14,0,Chitin Fortification,43,1,12,0,0,0,Default,52,3,112,100,1,70,12,120,3,0,0,0,9,0,3,7,Spine Rifle Mk.III,0,0,0,0,0,38,Heavy Spine Gun,120,0,111,13,Light Spine Gun,120,0,0,13,Light Spine Gun,0,0,0,12,12,18,3,24,24,36,0,0,0,0,0,0,0,0,0,0,0,0,0,0,0,403,23495
14,Ataxian Hive,195,Resin Bunker,14,0,Chitin Fortification,48,1,12,0,0,0,Default,92,3,112,100,1,85,12,120,3,0,0,0,9,0,3,7,Spine Rifle Mk.III,0,0,0,0,0,37,Heavy Spine Gun-77,120,0,111,11,Light Spine Gun-74,120,0,0,11,Light Spine Gun-74,0,0,0,18,18,24,4,36,36,54,0,0,0,0,0,0,0,0,0,0,0,0,0,0,0,403,23495
14,Ataxian Hive,197,Hardened Chitin Bunker,14,0,Chitin Fortification,62,2,12,0,0,0,Default,61,5,124,100,1,54,12,100,5,0,0,0,7,0,5,88,Acid Gun-85T,0,30,30,30,0,34,Medium Spine Gun,120,0,0,34,Medium Spine Gun,120,0,0,6,Thorn Spitter,0,0,0,20,30,32,3,34,36,40,0,0,0,0,0,0,0,0,0,0,0,0,0,0,0,402,23497
14,Ataxian Hive,198,Hardened Chitin Bunker,14,0,Chitin Fortification,86,2,12,0,0,0,Default,61,5,124,100,1,60,12,120,5,0,0,0,6,0,5,91,Acid Cannon-I,0,40,40,0,0,34,Medium Spine Gun,120,0,0,34,Medium Spine Gun,120,0,0,8,Spine Rifle Mk.II,0,0,160,22,34,38,4,38,42,46,0,0,0,0,0,0,0,0,0,0,0,0,0,0,0,402,23497
14,Ataxian Hive,199,Hardened Chitin Bunker,14,0,Chitin Fortification,96,2,12,0,0,0,Default,81,5,124,100,1,70,12,120,5,0,20,0,6,0,5,231,Acid Cannon-86,0,0,40,40,0,35,Medium Spine Gun-67,120,0,0,35,Medium Spine Gun-67,120,0,0,7,Spine Rifle Mk.III,0,0,0,22,36,48,6,50,60,60,0,0,0,0,0,0,0,0,0,0,0,0,0,0,0,402,23497
14,Ataxian Hive,200,Hardened Chitin Bunker,14,0,Chitin Fortification,122,2,12,0,0,0,Default,91,5,124,100,1,86,12,120,5,0,20,0,6,0,5,97,Acid Cannon-III,0,0,40,40,0,37,Heavy Spine Gun-77,120,0,111,37,Heavy Spine Gun-77,120,0,111,5,Thorn Spitter Mk.II,0,0,0,30,50,60,8,70,80,90,0,0,0,0,0,0,0,0,0,0,0,0,0,0,0,402,23497
14,Ataxian Hive,201,Shelter Cocoon,14,0,Chitin Fortification,40,0,10,0,0,0,Default,93,6,40,100,1,46,12,80,5,0,0,0,9,0,5,211,Spine Carbine,0,0,0,0,0,0,,0,0,0,0,,0,0,0,0,,0,0,0,8,8,12,7,12,12,18,0,0,0,0,0,0,0,0,0,0,0,0,0,0,0,416,23496
14,Ataxian Hive,202,Shelter Cocoon,14,0,Chitin Fortification,46,0,10,0,0,0,Default,93,6,40,100,1,69,12,120,5,0,0,0,9,0,5,7,Spine Rifle Mk.III,0,0,0,0,0,0,,0,0,0,0,,0,0,0,0,,0,0,0,16,16,24,14,24,24,36,0,0,0,0,0,0,0,0,0,0,0,0,0,0,0,416,23496
14,Ataxian Hive,203,Shelter Cocoon,14,0,Chitin Fortification,53,0,10,0,0,0,Default,93,6,40,100,1,85,12,120,5,0,10,0,9,0,5,7,Spine Rifle Mk.III,0,0,0,0,0,0,,0,0,0,0,,0,0,0,0,,0,0,0,24,24,32,21,36,36,54,0,0,0,0,0,0,0,0,0,0,0,0,0,0,0,416,23496
14,Ataxian Hive,205,Deep Chitin Bunker,14,0,Chitin Fortification,72,0,13,0,0,0,Default,93,6,255,100,1,80,12,120,0,0,0,0,0,0,0,0,,0,0,0,0,0,0,,0,0,0,0,,0,0,0,0,,0,0,0,90,90,90,60,90,90,90,0,0,0,0,0,0,0,0,0,0,0,0,0,0,0,418,23496
14,Ataxian Hive,206,Burrow Pit,14,0,Chitin Fortification,12,0,3,0,0,0,Default,3,6,12,100,1,46,12,120,0,0,0,0,9,0,0,0,,0,0,0,0,0,0,,0,0,0,0,,0,0,0,0,,0,0,0,9,9,9,9,9,9,1,0,0,0,0,0,0,0,0,0,0,0,0,0,0,0,412,9153
14,Ataxian Hive,210,Spine Nest,14,194,MG Section,23,0,6,5,0,0,Default,82,0,0,0,1,67,12,120,1,0,0,0,9,0,1,35,Medium Spine Gun-67,0,0,0,0,0,35,Medium Spine Gun-67,90,0,0,20,Spine Carbine Mk.III,60,0,0,121,Spore Grenade,0,0,0,0,0,0,0,0,0,0,0,0,0,0,0,0,0,0,0,0,0,0,0,0,0,0,11093
14,Ataxian Hive,211,Heavy Spine Nest,14,177,Heavy MG Section,24,1,8,4,0,0,Default,22,0,0,0,1,46,12,84,1,0,0,0,9,0,1,41,Heavy Spine Gun-D,0,0,0,0,111,41,Heavy Spine Gun-D,90,0,111,212,Thorn Spitter-41,60,0,163,121,Spore Grenade,0,0,0,0,0,0,0,0,0,0,0,0,0,0,0,0,0,0,0,0,0,0,0,0,0,0,11095
14,Ataxian Hive,212,Heavy Spine Nest,14,177,Heavy MG Section,24,1,8,4,0,0,Default,22,0,0,0,1,54,12,84,1,0,0,0,9,0,1,38,Heavy Spine Gun,0,0,0,0,111,38,Heavy Spine Gun,90,0,111,4,Spine Carbine Mk.II,60,0,0,121,Spore Grenade,0,0,0,0,0,0,0,0,0,0,0,0,0,0,0,0,0,0,0,0,0,0,0,0,0,0,11095
14,Ataxian Hive,213,Heavy Spine Nest,14,177,Heavy MG Section,26,1,8,4,0,0,Default,52,0,0,0,1,85,12,120,1,0,0,0,9,0,1,37,Heavy Spine Gun-77,0,0,0,0,111,37,Heavy Spine Gun-77,90,0,111,20,Spine Carbine Mk.III,60,0,0,121,Spore Grenade,0,0,0,0,0,0,0,0,0,0,0,0,0,0,0,0,0,0,0,0,0,0,0,0,0,0,14454
14,Ataxian Hive,217,Spine Flak Emplacement,14,0,Chitin Fortification,34,1,10,0,0,0,Default,91,2,0,100,1,69,12,120,5,0,10,0,9,0,3,70,Twin Spine Flak-37T,0,30,0,0,0,54,Heavy Spine Gun (AA),90,0,111,0,,0,0,0,6,Thorn Spitter,0,0,0,25,25,25,1,1,1,0,0,0,0,0,0,0,0,0,0,0,0,0,0,0,0,427,13012
14,Ataxian Hive,219,Spine Flak Emplacement,14,0,Chitin Fortification,50,1,10,0,0,0,Default,91,2,0,100,1,86,12,120,5,0,10,0,9,0,6,59,Twin Heavy Spine Flak-57,0,30,0,0,0,54,Heavy Spine Gun (AA),90,0,111,0,,0,0,0,5,Thorn Spitter Mk.II,0,0,0,25,25,25,1,1,1,0,0,0,0,0,0,0,0,0,0,0,0,0,0,0,0,427,13012
14,Ataxian Hive,221,Thorn Emplacement,14,0,Chitin Fortification,49,1,10,0,0,0,Default,91,2,0,100,1,60,12,120,12,0,20,0,7,0,8,72,Thorn Gun-85,0,15,0,15,0,54,Heavy Spine Gun (AA),90,0,111,0,,0,0,0,210,Thorn Spitter-43,0,0,163,25,25,25,1,1,1,0,0,0,0,0,0,0,0,0,0,0,0,0,0,0,0,426,13039
14,Ataxian Hive,224,Acid Lancer Team,14,206,Acid Lancer Team,45,0,3,3,0,0,Default,42,0,0,0,1,79,12,85,0,0,0,0,4,0,0,156,Acid Lance Mk.I,0,0,4,0,0,7,Spine Rifle Mk.III,60,0,0,18,Bio-Projector-69,0,3,0,121,Spore Grenade,0,0,0,0,0,0,0,0,0,0,0,0,0,0,0,0,0,0,0,0,0,0,0,0,0,0,14425
14,Ataxian Hive,225,Acid Lancer Team,14,206,Acid Lancer Team,48,0,3,3,0,0,Default,42,0,0,0,1,84,12,95,0,0,0,0,4,0,0,155,Acid Lance Mk.IB,0,0,4,0,0,7,Spine Rifle Mk.III,60,0,0,18,Bio-Projector-69,0,3,0,121,Spore Grenade,0,0,0,0,0,0,0,0,0,0,0,0,0,0,0,0,0,0,0,0,0,0,0,0,0,0,11072
14,Ataxian Hive,226,Acid Lancer Team,14,206,Acid Lancer Team,59,0,3,3,0,0,Default,42,0,0,0,1,87,12,105,0,0,0,0,4,0,0,154,Acid Lance Mk.IC,0,0,4,0,0,7,Spine Rifle Mk.III,60,0,0,19,Bio-Projector-74,0,3,0,121,Spore Grenade,0,0,0,0,0,0,0,0,0,0,0,0,0,0,0,0,0,0,0,0,0,0,0,0,0,0,14427
14,Ataxian Hive,227,Acid Lancer Team,14,206,Acid Lancer Team,51,0,3,3,0,0,Default,52,0,0,0,1,88,12,95,0,0,0,0,4,0,0,157,Acid Lance Mk.II,0,0,4,0,0,7,Spine Rifle Mk.III,60,0,0,19,Bio-Projector-74,0,3,0,121,Spore Grenade,0,0,0,0,0,0,0,0,0,0,0,0,0,0,0,0,0,0,0,0,0,0,0,0,0,0,14428
14,Ataxian Hive,230,Nutrient Carrier,14,56,Nutrient Cache,26,4,2,15,0,2,Wheel,51,0,0,12,1,46,12,120,0,0,0,0,0,0,0,0,,0,0,0,0,0,0,,0,0,0,0,,0,0,0,0,,0,0,0,0,0,0,0,0,0,0,0,0,0,0,0,0,0,0,0,0,0,0,0,0,0,1097,12069
14,Ataxian Hive,231,Nutrient Dump,14,56,Nutrient Cache,27,2,6,0,0,0,Default,91,0,0,99,1,46,12,120,0,0,0,0,0,0,0,0,,0,0,0,0,0,0,,0,0,0,0,,0,0,0,0,,0,0,0,0,0,0,0,0,0,0,0,0,0,0,0,0,0,0,0,0,0,0,0,0,0,413,9087
14,Ataxian Hive,233,Sensor Runner,14,57,Sensor Beast,76,2,2,24,0,3,A/T Wheel,90,0,106,10,1,65,12,120,0,0,0,0,9,0,0,54,Heavy Spine Gun (AA),0,0,0,0,111,0,,0,0,0,0,,0,0,0,0,,0,0,0,0,0,0,0,0,0,0,0,0,0,0,0,0,0,0,0,0,0,0,0,0,0,2969,32182
14,Ataxian Hive,236,Sensor Polyp,14,63,Sensor Polyp,71,0,2,6,0,0,Default,90,0,0,0,1,60,12,120,0,0,0,0,9,0,0,4,Spine Carbine Mk.II,0,0,0,0,0,121,Spore Grenade,4,0,0,0,,0,0,0,0,,0,0,0,0,0,0,0,0,0,0,0,0,0,0,0,0,0,0,0,0,0,0,0,0,0,0,41080
14,Ataxian Hive,237,Sensor Polyp,14,63,Sensor Polyp,74,0,2,6,0,0,Default,90,0,0,0,1,75,12,120,0,0,10,0,9,0,0,7,Spine Rifle Mk.III,0,0,0,0,0,121,Spore Grenade,4,0,0,0,,0,0,0,0,,0,0,0,0,0,0,0,0,0,0,0,0,0,0,0,0,0,0,0,0,0,0,0,0,0,0,41080
14,Ataxian Hive,238,Sensor Polyp,14,63,Sensor Polyp,131,0,2,6,0,0,Default,90,0,0,0,1,95,12,120,0,0,20,0,9,0,22,5,Thorn Spitter Mk.II,0,0,0,0,0,121,Spore Grenade,4,0,0,0,,0,0,0,0,,0,0,0,0,0,0,0,0,0,0,0,0,0,0,0,0,0,0,0,0,0,0,0,0,0,0,41080
14,Ataxian Hive,239,Sensor Hauler,14,57,Sensor Beast,72,2,4,20,0,3,A/T Wheel,61,0,4,10,1,46,12,120,0,0,0,0,9,0,0,51,Spine Gun-SG (AA),0,0,0,0,0,0,,0,0,0,0,,0,0,0,0,,0,0,0,0,0,0,0,0,0,0,0,0,0,0,0,0,0,0,0,0,0,0,0,0,0,180,65014
14,Ataxian Hive,240,Carapace Walker Mk.II Spotter,14,57,Sensor Beast,196,4,4,18,0,0,Default,91,4,0,27,1,85,12,120,10,1,20,0,6,0,22,98,Acid Cannon-L7M,0,0,10,0,0,62,Spine Gun (Coax),120,0,0,52,Heavy Spine Gun-85 (AA),90,0,111,61,Spine Gun (Bow),0,0,0,19,8,6,20,15,6,4,19,16,6,20,15,6,4,0,0,0,0,0,0,0,0,1602,11120
14,Ataxian Hive,244,Synaptic Brood,14,55,Synaptic Brood,50,0,6,6,0,0,Default,90,0,0,0,1,70,12,89,0,0,0,0,9,0,0,7,Spine Rifle Mk.III,0,0,0,0,0,121,Spore Grenade,6,0,0,0,,0,0,0,0,,0,0,0,0,0,0,0,0,0,0,0,0,0,0,0,0,0,0,0,0,0,0,0,0,0,0,245
14,Ataxian Hive,245,Synaptic Brood,14,55,Synaptic Brood,50,0,6,6,0,0,Default,90,0,0,0,1,90,12,120,0,0,10,0,9,0,0,9,Spine Rifle Mk.V,0,0,0,0,0,121,Spore Grenade,6,0,0,0,,0,0,0,0,,0,0,0,0,0,0,0,0,0,0,0,0,0,0,0,0,0,0,0,0,0,0,0,0,0,0,245
14,Ataxian Hive,246,Swarm Skiff,14,42,Assault Boat,0,1,1,0,3,0,Default,0,0,13,1,1,46,12,120,0,0,0,0,0,0,0,0,,0,0,0,0,0,0,,0,0,0,0,,0,0,0,0,,0,0,0,0,0,0,0,0,0,0,0,0,0,0,0,0,0,0,0,0,0,0,0,0,0,239,246
14,Ataxian Hive,247,Reef Barge,14,41,Landing Barge,40,12,5,0,6,0,Default,90,6,254,101,1,46,12,120,0,0,0,0,0,0,0,0,,0,0,0,0,0,0,,0,0,0,0,,0,0,0,0,,0,0,0,4,4,4,4,4,4,0,6,6,6,6,6,6,0,0,0,0,0,0,0,0,232,238,247
14,Ataxian Hive,248,Reef Carrier,14,48,Barge Carrier,29,6,6,9,0,2,Wheel,50,0,0,50,1,46,12,120,0,0,0,0,0,0,0,0,,0,0,0,0,0,0,,0,0,0,0,,0,0,0,0,,0,0,0,0,0,0,0,0,0,0,0,0,0,0,0,0,0,0,0,0,0,0,0,0,0,648,248
14,Ataxian Hive,249,Drone Workers,14,54,Crew,0,1,4,6,0,0,Default,0,0,0,0,1,48,12,120,0,0,0,0,9,0,0,2,Sting Pistol,0,0,0,0,0,121,Spore Grenade,4,0,0,0,,0,0,0,0,,0,0,0,0,0,0,0,0,0,0,0,0,0,0,0,0,0,0,0,0,0,0,0,0,0,0,249
14,Ataxian Hive,255,Stalker Caste,14,45,Stalker Caste,11,0,1,6,0,0,Default,12,0,0,0,1,46,12,120,0,0,0,0,9,0,0,1,Stalker Spine,0,0,0,0,0,121,Spore Grenade,2,0,0,0,,0,0,0,0,,0,0,0,0,0,0,0,0,0,0,0,0,0,0,0,0,0,0,0,0,0,0,0,0,0,0,14436
14,Ataxian Hive,256,Stalker Caste,14,45,Stalker Caste,27,0,1,6,0,0,Default,22,0,0,0,1,46,12,120,5,0,0,0,9,0,5,1,Stalker Spine,0,0,0,0,0,121,Spore Grenade,2,0,0,0,,0,0,0,0,,0,0,0,0,0,0,0,0,0,0,0,0,0,0,0,0,0,0,0,0,0,0,0,0,0,0,14436
14,Ataxian Hive,257,Stalker Caste,14,45,Stalker Caste,45,0,1,6,0,0,Default,32,0,0,0,1,46,12,120,10,0,0,0,9,0,10,1,Stalker Spine,0,0,0,0,0,121,Spore Grenade,2,0,0,0,,0,0,0,0,,0,0,0,0,0,0,0,0,0,0,0,0,0,0,0,0,0,0,0,0,0,0,0,0,0,0,14436
14,Ataxian Hive,258,Stalker Caste,14,45,Stalker Caste,47,0,1,6,0,0,Default,51,0,0,0,1,60,12,120,10,0,5,0,9,0,10,1,Stalker Spine,0,0,0,0,0,121,Spore Grenade,2,0,0,0,,0,0,0,0,,0,0,0,0,0,0,0,0,0,0,0,0,0,0,0,0,0,0,0,0,0,0,0,0,0,0,14436
14,Ataxian Hive,259,Stalker Caste,14,45,Stalker Caste,49,0,1,6,0,0,Default,61,0,0,0,1,70,12,120,10,0,10,0,9,0,10,1,Stalker Spine,0,0,0,0,0,121,Spore Grenade,2,0,0,0,,0,0,0,0,,0,0,0,0,0,0,0,0,0,0,0,0,0,0,0,0,0,0,0,0,0,0,0,0,0,0,14273
14,Ataxian Hive,260,Stalker Caste,14,45,Stalker Caste,53,0,1,6,0,0,Default,71,0,0,0,1,90,12,120,10,0,20,0,9,0,10,1,Stalker Spine,0,0,0,0,0,121,Spore Grenade,2,0,0,0,,0,0,0,0,,0,0,0,0,0,0,0,0,0,0,0,0,0,0,0,0,0,0,0,0,0,0,0,0,0,0,14273
14,Ataxian Hive,261,Stalker Caste,14,45,Stalker Caste,57,0,1,6,0,0,Default,81,0,0,0,1,95,12,120,10,0,30,0,9,0,10,1,Stalker Spine,0,0,0,0,0,121,Spore Grenade,2,0,0,0,,0,0,0,0,,0,0,0,0,0,0,0,0,0,0,0,0,0,0,0,0,0,0,0,0,0,0,0,0,0,0,14273
14,Ataxian Hive,265,Digging Beast,14,37,Engineer Vehicle,135,4,4,16,0,4,Track,80,4,0,29,1,63,12,120,3,0,20,1,6,0,6,91,Acid Cannon-I,0,0,13,0,0,62,Spine Gun (Coax),120,0,0,54,Heavy Spine Gun (AA),90,0,111,0,,0,0,0,21,8,6,20,15,6,4,119,8,6,20,15,6,4,0,0,0,0,0,0,0,0,1603,11210
14,Ataxian Hive,266,Digging Beast,14,37,Engineer Vehicle,50,2,1,6,0,0,Default,13,0,0,9,1,68,12,120,0,0,0,0,0,0,0,0,,0,0,0,0,0,0,,0,0,0,0,,0,0,0,0,,0,0,0,2,0,0,0,0,0,0,100,0,0,0,0,0,0,0,0,0,0,0,0,0,0,631,9077
14,Ataxian Hive,271,Skitter Scout,14,58,Skitter Scout,14,0,3,7,0,0,Default,92,0,0,0,1,56,12,120,0,0,0,0,9,0,0,8,Spine Rifle Mk.II,0,0,0,0,159,121,Spore Grenade,6,0,0,0,,0,0,0,0,,0,0,0,0,0,0,0,0,0,0,0,0,0,0,0,0,0,0,0,0,0,0,0,0,0,0,11109
14,Ataxian Hive,272,Skitter Scout,14,58,Skitter Scout,15,0,3,7,0,0,Default,92,0,0,0,1,50,12,80,0,0,0,0,9,0,0,3,Spine Rifle,0,0,0,0,0,6,Thorn Spitter,60,0,0,121,Spore Grenade,6,0,0,0,,0,0,0,0,0,0,0,0,0,0,0,0,0,0,0,0,0,0,0,0,0,0,0,0,0,0,11098
14,Ataxian Hive,273,Skitter Scout,14,58,Skitter Scout,14,0,3,7,0,0,Default,92,0,0,0,1,70,12,106,0,0,0,0,9,0,0,7,Spine Rifle Mk.III,0,0,0,0,0,121,Spore Grenade,6,0,0,0,,0,0,0,0,,0,0,0,0,0,0,0,0,0,0,0,0,0,0,0,0,0,0,0,0,0,0,0,0,0,0,14100
14,Ataxian Hive,282,Spotter Moth,14,50,Air OP Aircraft,82,0,1,1,0,0,Default,90,0,0,10,1,85,12,120,0,0,20,0,0,2,0,0,,0,0,0,0,0,0,,0,0,0,0,,0,0,0,0,,0,0,0,3,1,0,0,0,0,0,0,0,0,0,0,0,0,0,0,0,0,0,0,0,0,558,32161
14,Ataxian Hive,284,Spotter Moth,14,50,Air OP Aircraft,46,4,1,1,0,0,Default,90,0,0,0,1,58,12,120,0,0,0,0,0,0,0,0,,0,0,0,0,0,0,,0,0,0,0,,0,0,0,0,,0,0,0,6,0,0,0,0,0,0,0,0,0,0,0,0,0,0,0,0,0,0,0,0,0,2861,9144
14,Ataxian Hive,286,Scurrier Brood,14,1,Scurrier Brood,27,1,12,6,0,0,Default,72,0,0,0,1,90,12,110,0,0,0,0,9,0,0,14,Spine Rifle Mk.IV,6,0,0,0,0,17,Spine Autogun,80,0,0,121,Spore Grenade,24,0,0,151,Bio-Projector-69II,6,6,0,0,0,0,0,0,0,0,0,0,0,0,0,0,0,0,0,0,0,0,0,0,0,0,14100
14,Ataxian Hive,288,Bile Mortar Beast Mk.III,14,38,SP Mortar,47,3,4,23,2,4,Track,82,4,0,10,1,90,12,120,0,0,0,0,5,0,0,235,Heavy Spore Mortar-86,0,0,0,0,0,54,Heavy Spine Gun (AA),90,0,111,0,,0,0,0,0,,0,0,0,2,2,1,2,2,1,1,0,0,0,0,0,0,0,0,0,0,0,0,0,0,0,2996,14058
14,Ataxian Hive,290,Bile Mortar Beast,14,38,SP Mortar,36,3,4,23,2,4,Track,82,4,0,10,1,70,12,120,0,0,0,0,7,0,0,40,Spore Mortar,0,0,0,0,0,54,Heavy Spine Gun (AA),90,0,111,0,,0,0,0,0,,0,0,0,2,2,1,2,2,1,1,0,0,0,0,0,0,0,0,0,0,0,0,0,0,0,1991,14058
14,Ataxian Hive,291,Bile Mortar Beast Mk.II,14,38,SP Mortar,43,3,4,23,2,4,Track,82,4,0,10,1,70,12,95,0,0,0,0,5,0,0,42,Heavy Spore Mortar-55,0,0,0,0,0,54,Heavy Spine Gun (AA),90,0,111,0,,0,0,0,0,,0,0,0,2,2,1,2,2,1,1,0,0,0,0,0,0,0,0,0,0,0,0,0,0,0,1991,14058
14,Ataxian Hive,295,Spine Gun,14,4,Machine Gun Section,13,0,3,5,0,0,Default,22,0,0,0,1,67,12,120,1,0,0,0,9,0,1,35,Medium Spine Gun-67,0,0,0,0,0,8,Spine Rifle Mk.II,60,0,160,121,Spore Grenade,3,0,0,0,,0,0,0,0,0,0,0,0,0,0,0,0,0,0,0,0,0,0,0,0,0,0,0,0,0,0,11093
14,Ataxian Hive,298,Heavy Spine Gun,14,4,Machine Gun Section,18,0,4,4,0,0,Default,22,0,0,0,1,54,12,84,1,0,0,0,9,0,1,38,Heavy Spine Gun,0,0,0,0,111,4,Spine Carbine Mk.II,60,0,0,121,Spore Grenade,4,0,0,0,,0,0,0,0,0,0,0,0,0,0,0,0,0,0,0,0,0,0,0,0,0,0,0,0,0,0,11095
14,Ataxian Hive,299,Heavy Spine Gun,14,4,Machine Gun Section,20,0,4,4,0,0,Default,52,0,0,0,1,85,12,120,1,0,0,0,9,0,1,37,Heavy Spine Gun-77,0,0,0,0,111,8,Spine Rifle Mk.II,60,0,160,121,Spore Grenade,4,0,0,0,,0,0,0,0,0,0,0,0,0,0,0,0,0,0,0,0,0,0,0,0,0,0,0,0,0,0,14096
14,Ataxian Hive,305,Mounted Scurrier,14,148,Motorised Inf Section,21,1,8,6,0,0,Default,52,0,0,0,1,69,12,85,0,0,0,0,9,0,0,7,Spine Rifle Mk.III,4,0,0,0,0,10,Light Spine Gun-56,80,0,0,121,Spore Grenade,16,0,0,15,Bio-Projector-56,4,4,0,0,0,0,0,0,0,0,0,0,0,0,0,0,0,0,0,0,0,0,0,0,0,0,36680
14,Ataxian Hive,306,Mounted Scurrier,14,148,Motorised Inf Section,22,1,8,6,0,0,Default,62,0,0,0,1,73,12,84,0,0,0,0,9,0,0,7,Spine Rifle Mk.III,6,0,0,0,0,13,Light Spine Gun,80,0,0,121,Spore Grenade,16,0,0,18,Bio-Projector-69,6,6,0,0,0,0,0,0,0,0,0,0,0,0,0,0,0,0,0,0,0,0,0,0,0,0,36680
14,Ataxian Hive,307,Mounted Scurrier,14,148,Motorised Inf Section,25,1,8,6,0,0,Default,72,0,0,0,1,81,12,120,0,0,0,0,9,0,0,14,Spine Rifle Mk.IV,8,0,0,0,0,17,Spine Autogun,80,0,0,121,Spore Grenade,16,0,0,148,Bio-Projector-69I,8,8,0,0,0,0,0,0,0,0,0,0,0,0,0,0,0,0,0,0,0,0,0,0,0,0,36680
14,Ataxian Hive,309,Mounted Scurrier,14,148,Motorised Inf Section,25,1,8,6,0,0,Default,72,0,0,0,1,90,12,111,0,0,0,0,9,0,0,14,Spine Rifle Mk.IV,8,0,0,0,0,17,Spine Autogun,80,0,0,121,Spore Grenade,16,0,0,151,Bio-Projector-69II,8,8,0,0,0,0,0,0,0,0,0,0,0,0,0,0,0,0,0,0,0,0,0,0,0,0,36680
14,Ataxian Hive,316,Scurrier Brood,14,1,Scurrier Brood,29,1,12,6,0,0,Default,52,0,0,0,1,70,12,80,0,0,10,0,9,0,0,7,Spine Rifle Mk.III,4,0,0,0,0,10,Light Spine Gun-56,80,0,0,121,Spore Grenade,24,0,0,18,Bio-Projector-69,4,4,0,0,0,0,0,0,0,0,0,0,0,0,0,0,0,0,0,0,0,0,0,0,0,0,14100
14,Ataxian Hive,317,Scurrier Brood,14,1,Scurrier Brood,26,1,12,6,0,0,Default,62,0,0,0,1,75,12,80,0,0,0,0,9,0,0,7,Spine Rifle Mk.III,4,0,0,0,0,13,Light Spine Gun,80,0,0,121,Spore Grenade,24,0,0,18,Bio-Projector-69,4,4,0,0,0,0,0,0,0,0,0,0,0,0,0,0,0,0,0,0,0,0,0,0,0,0,14100
14,Ataxian Hive,318,Scurrier Brood,14,1,Scurrier Brood,27,1,12,6,0,0,Default,72,0,0,0,1,81,12,89,0,0,0,0,9,0,0,14,Spine Rifle Mk.IV,6,0,0,0,0,17,Spine Autogun,80,0,0,121,Spore Grenade,24,0,0,148,Bio-Projector-69I,6,6,0,0,0,0,0,0,0,0,0,0,0,0,0,0,0,0,0,0,0,0,0,0,0,0,14100
14,Ataxian Hive,322,Pack Runner,14,3,Cavalry,23,2,10,12,0,0,Default,90,0,0,25,1,60,12,80,0,0,0,0,9,0,0,20,Spine Carbine Mk.III,0,0,0,0,0,6,Thorn Spitter,80,0,0,10,Light Spine Gun-56,80,0,0,121,Spore Grenade,0,0,0,0,0,0,0,0,0,0,0,0,0,0,0,0,0,0,0,0,0,0,0,0,0,0,11098
14,Ataxian Hive,323,Pack Runner,14,3,Cavalry,23,2,10,12,0,0,Default,90,0,0,25,1,81,12,101,0,0,0,0,9,0,0,14,Spine Rifle Mk.IV,0,0,0,0,0,5,Thorn Spitter Mk.II,80,0,0,13,Light Spine Gun,80,0,0,121,Spore Grenade,0,0,0,0,0,0,0,0,0,0,0,0,0,0,0,0,0,0,0,0,0,0,0,0,0,0,14100
14,Ataxian Hive,326,Pack Scouts,14,150,Cavalry Scouts,19,1,5,12,1,0,Default,90,0,0,100,1,58,12,80,0,0,0,0,9,0,0,20,Spine Carbine Mk.III,0,0,0,0,0,6,Thorn Spitter,60,0,0,121,Spore Grenade,10,0,0,10,Light Spine Gun-56,0,0,0,0,0,0,0,0,0,0,0,0,0,0,0,0,0,0,0,0,0,0,0,0,0,0,11098
14,Ataxian Hive,327,Pack Scouts,14,150,Cavalry Scouts,19,1,5,12,1,0,Default,90,0,0,100,1,81,12,101,0,0,0,0,9,0,0,14,Spine Rifle Mk.IV,0,0,0,0,0,5,Thorn Spitter Mk.II,60,0,0,121,Spore Grenade,10,0,0,13,Light Spine Gun,0,0,0,0,0,0,0,0,0,0,0,0,0,0,0,0,0,0,0,0,0,0,0,0,0,0,14100
14,Ataxian Hive,328,Digger Caste,14,140,Digger Caste,31,1,12,6,0,0,Default,81,0,0,0,1,81,12,120,0,0,0,0,9,0,0,14,Spine Rifle Mk.IV,0,0,0,0,0,121,Spore Grenade,24,0,0,119,Acid Jet,4,0,0,120,Bio-Charge,0,0,0,0,0,0,0,0,0,0,0,0,0,0,0,0,0,0,0,0,0,0,0,0,0,0,21176
14,Ataxian Hive,333,Digger Caste,14,140,Digger Caste,28,1,12,6,0,0,Default,71,0,0,0,1,55,12,80,0,0,0,0,9,0,0,8,Spine Rifle Mk.II,0,0,0,0,159,121,Spore Grenade,24,0,0,18,Bio-Projector-69,0,4,0,120,Bio-Charge,0,0,0,0,0,0,0,0,0,0,0,0,0,0,0,0,0,0,0,0,0,0,0,0,0,0,11109
14,Ataxian Hive,334,Digger Caste,14,140,Digger Caste,25,1,12,6,0,0,Default,71,0,0,0,1,55,12,80,0,0,0,0,9,0,0,8,Spine Rifle Mk.II,0,0,0,0,159,121,Spore Grenade,24,0,0,4,Spine Carbine Mk.II,50,0,0,120,Bio-Charge,0,0,0,0,0,0,0,0,0,0,0,0,0,0,0,0,0,0,0,0,0,0,0,0,0,0,11109
14,Ataxian Hive,335,Digger Caste,14,140,Digger Caste,28,1,12,6,0,0,Default,71,0,0,0,1,55,12,80,0,0,0,0,9,0,0,8,Spine Rifle Mk.II,4,0,0,0,159,121,Spore Grenade,24,0,0,10,Light Spine Gun-56,80,0,0,122,Burrowing Mine,4,4,0,0,0,0,0,0,0,0,0,0,0,0,0,0,0,0,0,0,0,0,0,0,0,0,11109
14,Ataxian Hive,336,Digger Caste,14,140,Digger Caste,28,1,12,6,0,0,Default,81,0,0,0,1,81,12,89,0,0,0,0,9,0,0,14,Spine Rifle Mk.IV,0,0,0,0,0,121,Spore Grenade,24,0,0,148,Bio-Projector-69I,0,4,0,120,Bio-Charge,0,0,0,0,0,0,0,0,0,0,0,0,0,0,0,0,0,0,0,0,0,0,0,0,0,0,11109
14,Ataxian Hive,337,Digger Caste,14,140,Digger Caste,27,1,12,6,0,0,Default,81,0,0,0,1,81,12,120,0,0,0,0,9,0,0,14,Spine Rifle Mk.IV,0,0,0,0,0,121,Spore Grenade,24,0,0,122,Burrowing Mine,0,4,0,120,Bio-Charge,0,0,0,0,0,0,0,0,0,0,0,0,0,0,0,0,0,0,0,0,0,0,0,0,0,0,14100
14,Ataxian Hive,338,Digger Caste,14,140,Digger Caste,29,1,12,6,0,0,Default,81,0,0,0,1,81,12,120,0,0,0,0,9,0,0,14,Spine Rifle Mk.IV,5,0,0,0,0,121,Spore Grenade,24,0,0,17,Spine Autogun,80,0,0,123,Burrowing Bomb,5,5,0,0,0,0,0,0,0,0,0,0,0,0,0,0,0,0,0,0,0,0,0,0,0,0,14100
14,Ataxian Hive,341,Feral Swarm,14,189,Feral Swarm,17,1,12,6,0,0,Default,21,0,0,0,1,53,12,105,0,0,0,0,9,0,0,3,Spine Rifle,0,0,0,0,0,212,Thorn Spitter-41,70,0,163,121,Spore Grenade,12,0,0,0,,0,0,0,0,0,0,0,0,0,0,0,0,0,0,0,0,0,0,0,0,0,0,0,0,0,0,11098
14,Ataxian Hive,342,Feral Swarm,14,189,Feral Swarm,18,1,10,6,0,0,Default,21,0,0,0,1,66,12,120,0,0,0,0,9,0,0,8,Spine Rifle Mk.II,0,0,0,0,159,10,Light Spine Gun-56,70,0,0,121,Spore Grenade,10,0,0,0,,0,0,0,0,0,0,0,0,0,0,0,0,0,0,0,0,0,0,0,0,0,0,0,0,0,0,11109
14,Ataxian Hive,343,Feral Swarm,14,189,Feral Swarm,18,1,10,6,0,0,Default,21,0,0,0,1,86,12,120,0,0,0,0,9,0,0,14,Spine Rifle Mk.IV,0,0,0,0,0,13,Light Spine Gun,70,0,0,121,Spore Grenade,10,0,0,0,,0,0,0,0,0,0,0,0,0,0,0,0,0,0,0,0,0,0,0,0,0,0,0,0,0,0,14100
14,Ataxian Hive,346,Reef Caste,14,240,Marine Heavy Infantry,24,1,10,6,0,0,Default,62,0,0,0,1,69,12,80,0,0,0,0,9,0,0,7,Spine Rifle Mk.III,0,0,0,0,0,10,Light Spine Gun-56,90,0,0,10,Light Spine Gun-56,90,0,0,121,Spore Grenade,0,0,0,0,0,0,0,0,0,0,0,0,0,0,0,0,0,0,0,0,0,0,0,0,0,0,14443
14,Ataxian Hive,347,Reef Caste,14,240,Marine Heavy Infantry,25,1,10,6,0,0,Default,72,0,0,0,1,73,12,80,0,0,0,0,9,0,0,7,Spine Rifle Mk.III,0,0,0,0,0,13,Light Spine Gun,90,0,0,13,Light Spine Gun,90,0,0,121,Spore Grenade,0,0,0,0,0,0,0,0,0,0,0,0,0,0,0,0,0,0,0,0,0,0,0,0,0,0,14443
14,Ataxian Hive,348,Reef Caste,14,240,Marine Heavy Infantry,25,1,10,6,0,0,Default,82,0,0,0,1,81,12,120,0,0,0,0,9,0,0,14,Spine Rifle Mk.IV,0,0,0,0,0,17,Spine Autogun,90,0,0,17,Spine Autogun,90,0,0,121,Spore Grenade,0,0,0,0,0,0,0,0,0,0,0,0,0,0,0,0,0,0,0,0,0,0,0,0,0,0,14443
14,Ataxian Hive,352,Thorn Team,14,65,LMG Section,20,0,4,6,0,0,Default,52,0,0,0,1,50,12,85,0,0,0,0,9,0,0,29,Light Spine Gun-D,0,0,0,0,0,29,Light Spine Gun-D,60,0,0,121,Spore Grenade,8,0,0,0,,0,0,0,0,0,0,0,0,0,0,0,0,0,0,0,0,0,0,0,0,0,0,0,0,0,0,14094
14,Ataxian Hive,353,Thorn Team,14,65,LMG Section,20,0,4,6,0,0,Default,62,0,0,0,1,56,12,80,0,0,0,0,9,0,0,10,Light Spine Gun-56,0,0,0,0,0,10,Light Spine Gun-56,60,0,0,121,Spore Grenade,8,0,0,0,,0,0,0,0,0,0,0,0,0,0,0,0,0,0,0,0,0,0,0,0,0,0,0,0,0,0,14094
14,Ataxian Hive,354,Thorn Team,14,65,LMG Section,21,0,4,6,0,0,Default,72,0,0,0,1,67,12,110,0,0,0,0,9,0,0,13,Light Spine Gun,0,0,0,0,0,13,Light Spine Gun,60,0,0,121,Spore Grenade,8,0,0,0,,0,0,0,0,0,0,0,0,0,0,0,0,0,0,0,0,0,0,0,0,0,0,0,0,0,0,14094
14,Ataxian Hive,355,Thorn Team,14,65,LMG Section,21,0,4,6,0,0,Default,82,0,0,0,1,74,12,120,0,0,0,0,9,0,0,11,Light Spine Gun-74,0,0,0,0,0,11,Light Spine Gun-74,60,0,0,121,Spore Grenade,8,0,0,0,,0,0,0,0,0,0,0,0,0,0,0,0,0,0,0,0,0,0,0,0,0,0,0,0,0,0,14094
14,Ataxian Hive,357,Pack Runner Transport,14,3,Cavalry,15,1,4,12,0,0,Default,30,0,10,10,1,46,12,120,0,0,0,0,9,0,0,2,Sting Pistol,0,0,0,0,0,3,Spine Rifle,60,0,0,121,Spore Grenade,8,0,0,0,,0,0,0,0,0,0,0,0,0,0,0,0,0,0,0,0,0,0,0,0,0,0,0,0,222,0,54038
14,Ataxian Hive,358,Digger Caste,14,140,Digger Caste,28,1,12,6,0,0,Default,81,0,0,0,1,90,12,110,0,0,0,0,9,0,0,14,Spine Rifle Mk.IV,0,0,0,0,0,121,Spore Grenade,24,0,0,151,Bio-Projector-69II,0,4,0,120,Bio-Charge,0,0,0,0,0,0,0,0,0,0,0,0,0,0,0,0,0,0,0,0,0,0,0,0,0,0,11109
14,Ataxian Hive,359,Digger Caste,14,140,Digger Caste,31,1,12,6,0,0,Default,71,0,0,0,1,55,12,80,0,0,0,0,9,0,0,8,Spine Rifle Mk.II,0,0,0,0,159,121,Spore Grenade,24,0,0,119,Acid Jet,4,0,0,120,Bio-Charge,0,0,0,0,0,0,0,0,0,0,0,0,0,0,0,0,0,0,0,0,0,0,0,0,0,0,34604
14,Ataxian Hive,366,Glider Digger,14,141,Para Engineers,33,1,8,6,0,0,Default,82,0,0,0,1,70,12,80,0,0,10,0,9,0,0,7,Spine Rifle Mk.III,4,0,0,0,0,13,Light Spine Gun,90,0,0,120,Bio-Charge,4,0,0,18,Bio-Projector-69,4,4,0,0,0,0,0,0,0,0,0,0,0,0,0,0,0,0,0,0,0,0,0,0,0,0,14100
14,Ataxian Hive,367,Glider Digger,14,141,Para Engineers,33,1,8,6,0,0,Default,92,0,0,0,1,81,12,120,0,0,10,0,9,0,0,14,Spine Rifle Mk.IV,4,0,0,0,0,17,Spine Autogun,90,0,0,120,Bio-Charge,4,0,0,18,Bio-Projector-69,4,4,0,0,0,0,0,0,0,0,0,0,0,0,0,0,0,0,0,0,0,0,0,0,0,0,14100
14,Ataxian Hive,368,Glider Digger,14,141,Para Engineers,37,1,8,6,0,0,Default,92,0,0,0,1,85,12,120,0,0,10,0,9,0,0,14,Spine Rifle Mk.IV,0,0,0,0,0,17,Spine Autogun,90,0,0,240,Bio-Flame Projector,4,0,0,120,Bio-Charge,0,0,0,0,0,0,0,0,0,0,0,0,0,0,0,0,0,0,0,0,0,0,0,0,0,0,14100
14,Ataxian Hive,371,Glider Caste,14,96,Glider Caste,34,1,12,6,0,0,Default,82,0,0,0,1,70,12,80,0,0,10,0,9,0,0,7,Spine Rifle Mk.III,5,0,0,0,0,13,Light Spine Gun,90,0,0,121,Spore Grenade,36,0,0,18,Bio-Projector-69,5,5,0,0,0,0,0,0,0,0,0,0,0,0,0,0,0,0,0,0,0,0,0,0,0,0,14100
14,Ataxian Hive,372,Glider Caste,14,96,Glider Caste,34,1,12,6,0,0,Default,92,0,0,0,1,81,12,89,0,0,10,0,9,0,0,14,Spine Rifle Mk.IV,6,0,0,0,0,17,Spine Autogun,90,0,0,121,Spore Grenade,36,0,0,148,Bio-Projector-69I,6,6,0,0,0,0,0,0,0,0,0,0,0,0,0,0,0,0,0,0,0,0,0,0,0,0,14100
14,Ataxian Hive,374,Glider Caste,14,96,Glider Caste,34,1,12,6,0,0,Default,92,0,0,0,1,90,12,110,0,0,10,0,9,0,0,14,Spine Rifle Mk.IV,6,0,0,0,0,17,Spine Autogun,90,0,0,121,Spore Grenade,36,0,0,151,Bio-Projector-69II,6,6,0,0,0,0,0,0,0,0,0,0,0,0,0,0,0,0,0,0,0,0,0,0,0,0,14100
14,Ataxian Hive,376,Glider Lancer,14,142,Para Inf-AT,25,0,2,6,0,0,Default,82,0,0,0,1,90,12,110,0,0,0,0,7,0,0,151,Bio-Projector-69II,0,0,4,0,0,121,Spore Grenade,6,0,0,17,Spine Autogun,60,0,0,5,Thorn Spitter Mk.II,0,0,0,0,0,0,0,0,0,0,0,0,0,0,0,0,0,0,0,0,0,0,0,0,0,0,11071
14,Ataxian Hive,377,Glider Lancer,14,142,Para Inf-AT,25,0,2,6,0,0,Default,72,0,0,0,1,70,12,85,0,0,0,0,7,0,0,18,Bio-Projector-69,0,0,4,0,0,121,Spore Grenade,6,0,0,13,Light Spine Gun,60,0,0,6,Thorn Spitter,0,0,0,0,0,0,0,0,0,0,0,0,0,0,0,0,0,0,0,0,0,0,0,0,0,0,11071
14,Ataxian Hive,378,Glider Lancer,14,142,Para Inf-AT,25,0,2,6,0,0,Default,82,0,0,0,1,81,12,89,0,0,0,0,7,0,0,148,Bio-Projector-69I,0,0,4,0,0,121,Spore Grenade,6,0,0,17,Spine Autogun,60,0,0,5,Thorn Spitter Mk.II,0,0,0,0,0,0,0,0,0,0,0,0,0,0,0,0,0,0,0,0,0,0,0,0,0,0,11071
14,Ataxian Hive,379,Glider Lancer,14,142,Para Inf-AT,25,0,2,6,0,0,Default,82,0,0,0,1,93,12,120,0,0,0,0,7,0,0,23,Light Bio-Projector,0,0,4,0,0,121,Spore Grenade,6,0,0,17,Spine Autogun,60,0,0,5,Thorn Spitter Mk.II,0,0,0,0,0,0,0,0,0,0,0,0,0,0,0,0,0,0,0,0,0,0,0,0,0,0,8046
14,Ataxian Hive,380,Glider Scout,14,101,Paratroop Scouts,25,0,4,7,0,0,Default,92,0,0,0,1,70,12,80,0,0,0,0,9,0,0,7,Spine Rifle Mk.III,0,0,0,0,0,121,Spore Grenade,12,0,0,13,Light Spine Gun,70,0,0,0,,0,0,0,0,0,0,0,0,0,0,0,0,0,0,0,0,0,0,0,0,0,0,0,0,0,0,14100
14,Ataxian Hive,382,Glider Stalker,14,143,Para Sniper,54,0,1,6,0,0,Default,92,0,0,0,1,70,12,120,10,0,10,0,9,0,10,1,Stalker Spine,0,0,0,0,0,121,Spore Grenade,3,0,0,0,,0,0,0,0,,0,0,0,0,0,0,0,0,0,0,0,0,0,0,0,0,0,0,0,0,0,0,0,0,0,0,14273
14,Ataxian Hive,383,Glider Stalker,14,143,Para Sniper,57,0,1,6,0,0,Default,91,0,0,0,1,80,12,120,10,0,20,0,9,0,10,1,Stalker Spine,0,0,0,0,0,121,Spore Grenade,3,0,0,0,,0,0,0,0,,0,0,0,0,0,0,0,0,0,0,0,0,0,0,0,0,0,0,0,0,0,0,0,0,0,0,14273
14,Ataxian Hive,385,Glider Scout,14,101,Paratroop Scouts,26,0,4,7,0,0,Default,92,0,0,0,1,81,12,100,0,0,5,0,9,0,0,14,Spine Rifle Mk.IV,0,0,0,0,0,121,Spore Grenade,12,0,0,17,Spine Autogun,70,0,0,0,,0,0,0,0,0,0,0,0,0,0,0,0,0,0,0,0,0,0,0,0,0,0,0,0,0,0,14100
14,Ataxian Hive,391,Bore Beetle Team,14,2,Lancer Team,13,0,2,6,0,0,Default,22,0,0,0,1,53,12,80,0,0,0,0,7,0,0,26,Bore Launcher-51,0,0,8,0,0,3,Spine Rifle,50,0,0,121,Spore Grenade,4,0,0,0,,0,0,0,0,0,0,0,0,0,0,0,0,0,0,0,0,0,0,0,0,0,0,0,0,0,0,14450
14,Ataxian Hive,392,Lancer Team,14,2,Lancer Team,13,0,2,6,0,0,Default,22,0,0,0,1,58,12,80,0,0,0,0,7,0,0,15,Bio-Projector-56,0,0,8,0,0,8,Spine Rifle Mk.II,50,0,160,121,Spore Grenade,4,0,0,0,,0,0,0,0,0,0,0,0,0,0,0,0,0,0,0,0,0,0,0,0,0,0,0,0,0,0,12070
14,Ataxian Hive,393,Lancer Team,14,2,Lancer Team,12,0,2,6,0,0,Default,22,0,0,0,1,70,12,85,0,0,0,0,7,0,0,18,Bio-Projector-69,0,0,6,0,0,7,Spine Rifle Mk.III,50,0,160,121,Spore Grenade,4,0,0,0,,0,0,0,0,0,0,0,0,0,0,0,0,0,0,0,0,0,0,0,0,0,0,0,0,0,0,11071
14,Ataxian Hive,394,Light Lancer Team,14,2,Lancer Team,13,0,2,6,0,0,Default,30,0,0,0,1,93,12,120,0,0,0,0,7,0,0,23,Light Bio-Projector,0,0,6,0,0,14,Spine Rifle Mk.IV,50,0,0,121,Spore Grenade,4,0,0,0,,0,0,0,0,0,0,0,0,0,0,0,0,0,0,0,0,0,0,0,0,0,0,0,0,0,0,8046
14,Ataxian Hive,398,Mountain Thorn Gun,14,196,Portable Thorn Gun,21,1,5,1,0,0,Default,91,0,0,1,1,46,12,80,0,0,0,0,7,0,0,80,Thorn Howitzer-75,0,0,3,0,0,214,Spine Carbine-A,60,0,0,0,,0,0,0,0,,0,0,0,0,0,0,0,0,0,0,0,0,0,0,0,0,0,0,0,0,0,0,0,0,0,650,45003
14,Ataxian Hive,400,Portable Thorn-76,14,196,Portable Thorn Gun,23,1,5,2,0,0,Default,92,0,0,1,1,54,12,120,0,0,0,0,7,0,0,83,Thorn Gun-76P,0,0,3,0,0,6,Thorn Spitter,60,0,0,0,,0,0,0,0,,0,0,0,0,0,0,0,0,0,0,0,0,0,0,0,0,0,0,0,0,0,0,0,0,0,650,9050
14,Ataxian Hive,401,Portable Thorn-75,14,196,Portable Thorn Gun,18,1,6,3,0,0,Default,92,0,0,0,1,50,12,120,0,0,0,0,7,0,0,49,Bore Launcher-75,0,0,0,0,0,6,Thorn Spitter,60,0,0,0,,0,0,0,0,,0,0,0,0,0,0,0,0,0,0,0,0,0,0,0,0,0,0,0,0,0,0,0,0,0,826,12073
14,Ataxian Hive,402,Portable Thorn-82,14,196,Portable Thorn Gun,24,0,6,3,0,0,Default,92,0,0,0,1,67,12,120,0,0,0,0,7,0,0,44,Bore Launcher-65 HE,0,0,0,0,0,6,Thorn Spitter,60,0,0,0,,0,0,0,0,,0,0,0,0,0,0,0,0,0,0,0,0,0,0,0,0,0,0,0,0,0,0,0,0,0,826,12073
14,Ataxian Hive,403,Portable Thorn-78,14,196,Portable Thorn Gun,25,0,6,3,0,0,Default,92,0,0,0,1,82,12,120,0,0,0,0,7,0,0,24,Bore Launcher-78 HE,0,0,0,0,0,5,Thorn Spitter Mk.II,60,0,0,0,,0,0,0,0,,0,0,0,0,0,0,0,0,0,0,0,0,0,0,0,0,0,0,0,0,0,0,0,0,0,826,12073
14,Ataxian Hive,404,Pack Bore Gun,14,196,Portable Thorn Gun,25,1,6,3,0,0,Default,91,0,0,0,1,58,12,105,0,0,0,0,6,0,0,50,Bore Cannon HE,0,0,0,0,0,6,Thorn Spitter,60,0,0,0,,0,0,0,0,,0,0,0,0,0,0,0,0,0,0,0,0,0,0,0,0,0,0,0,0,0,0,0,0,0,3048,11069
14,Ataxian Hive,405,Spore Mortar-T80,14,173,Para Mortar Team,24,1,8,3,0,0,Default,90,0,0,0,1,81,12,96,0,0,0,0,7,0,0,68,Spore Mortar-T80,0,0,0,0,0,68,Spore Mortar-T80,16,0,0,5,Thorn Spitter Mk.II,50,0,0,0,,0,0,0,0,0,0,0,0,0,0,0,0,0,0,0,0,0,0,0,0,0,0,0,0,0,67,12082
14,Ataxian Hive,406,Spore Mortar-T80,14,201,Mortar(Sub Type B),34,1,8,3,0,0,Default,90,0,0,0,1,81,12,96,0,0,0,0,7,0,0,68,Spore Mortar-T80,0,0,0,0,0,68,Spore Mortar-T80,40,0,0,14,Spine Rifle Mk.IV,80,0,0,0,,0,0,0,0,0,0,0,0,0,0,0,0,0,0,0,0,0,0,0,0,0,0,0,0,0,67,12082
14,Ataxian Hive,407,Spore Mortar-89,14,173,Para Mortar Team,27,1,8,3,0,0,Default,90,0,0,0,1,90,12,120,0,0,0,0,7,0,0,69,Spore Mortar-89,0,0,0,0,0,69,Spore Mortar-89,16,0,0,5,Thorn Spitter Mk.II,50,0,0,0,,0,0,0,0,0,0,0,0,0,0,0,0,0,0,0,0,0,0,0,0,0,0,0,0,0,67,12082
14,Ataxian Hive,408,Spore Mortar-89,14,201,Mortar(Sub Type B),40,1,8,3,0,0,Default,90,0,0,0,1,90,12,120,0,0,0,0,7,0,0,69,Spore Mortar-89,0,0,0,0,0,69,Spore Mortar-89,40,0,0,14,Spine Rifle Mk.IV,80,0,0,0,,0,0,0,0,0,0,0,0,0,0,0,0,0,0,0,0,0,0,0,0,0,0,0,0,0,67,12082
14,Ataxian Hive,410,Spore Launcher Team,14,29,Spore Launcher Team,49,0,2,6,0,0,Default,52,0,0,0,1,90,12,100,0,0,0,0,6,1,0,125,Spore Seeker Mk.I,0,0,0,0,0,14,Spine Rifle Mk.IV,50,0,160,121,Spore Grenade,2,0,0,0,,0,0,0,0,0,0,0,0,0,0,0,0,0,0,0,0,0,0,0,0,0,0,0,0,0,0,11074
14,Ataxian Hive,412,Spore Launcher Team,14,29,Spore Launcher Team,72,0,2,6,0,0,Default,52,0,0,0,1,94,12,120,0,0,15,0,6,2,0,127,Spore Seeker Mk.II,0,0,0,0,0,14,Spine Rifle Mk.IV,50,0,0,121,Spore Grenade,2,0,0,0,,0,0,0,0,0,0,0,0,0,0,0,0,0,0,0,0,0,0,0,0,0,0,0,0,0,0,45043
14,Ataxian Hive,415,Lancer Team,14,2,Lancer Team,12,0,2,6,0,0,Default,22,0,0,0,1,81,12,89,0,0,0,0,7,0,0,148,Bio-Projector-69I,0,0,6,0,0,7,Spine Rifle Mk.III,50,0,160,121,Spore Grenade,4,0,0,0,,0,0,0,0,0,0,0,0,0,0,0,0,0,0,0,0,0,0,0,0,0,0,0,0,0,0,11071
14,Ataxian Hive,416,Lancer Team,14,2,Lancer Team,12,0,2,6,0,0,Default,22,0,0,0,1,90,12,110,0,0,0,0,7,0,0,151,Bio-Projector-69II,0,0,6,0,0,14,Spine Rifle Mk.IV,50,0,160,121,Spore Grenade,4,0,0,0,,0,0,0,0,0,0,0,0,0,0,0,0,0,0,0,0,0,0,0,0,0,0,0,0,0,0,11071
14,Ataxian Hive,423,Hatchling Brood,14,160,Hatchling Brood,20,1,12,6,0,0,Default,12,0,0,0,1,65,12,105,0,0,0,0,9,0,0,3,Spine Rifle,0,0,0,0,0,28,Light Spine Gun-46,70,0,0,121,Spore Grenade,12,0,0,0,,0,0,0,0,0,0,0,0,0,0,0,0,0,0,0,0,0,0,0,0,0,0,0,0,0,0,11098
14,Ataxian Hive,424,Hatchling Brood,14,160,Hatchling Brood,23,1,12,6,0,0,Default,12,0,0,0,1,65,12,120,0,0,0,0,9,0,0,3,Spine Rifle,2,0,0,0,0,29,Light Spine Gun-D,70,0,0,121,Spore Grenade,12,0,0,26,Bore Launcher-51,2,2,0,0,0,0,0,0,0,0,0,0,0,0,0,0,0,0,0,0,0,0,0,0,0,0,11098
14,Ataxian Hive,425,Hatchling Brood,14,160,Hatchling Brood,23,1,12,6,0,0,Default,22,0,0,0,1,78,12,120,0,0,0,0,9,0,0,8,Spine Rifle Mk.II,2,0,0,0,159,10,Light Spine Gun-56,70,0,0,121,Spore Grenade,12,0,0,15,Bio-Projector-56,2,2,0,0,0,0,0,0,0,0,0,0,0,0,0,0,0,0,0,0,0,0,0,0,0,0,11109
14,Ataxian Hive,443,Spine 58 AAMG,14,8,Spine Flak Nest,17,1,4,1,0,0,Default,32,0,0,2,1,65,12,120,2,0,0,0,9,0,1,55,Twin Heavy Spine (AA),0,5,0,0,111,4,Spine Carbine Mk.II,60,0,0,121,Spore Grenade,4,0,0,0,,0,0,0,0,0,0,0,0,0,0,0,0,0,0,0,0,0,0,0,0,0,0,0,0,0,1976,11086
14,Ataxian Hive,444,Spine 56 AAMG,14,8,Spine Flak Nest,21,1,6,1,0,0,Default,32,0,0,3,1,56,12,120,3,0,0,0,9,0,1,53,Quad Heavy Spine (AA),0,5,0,0,111,4,Spine Carbine Mk.II,60,0,0,121,Spore Grenade,6,0,0,0,,0,0,0,0,0,0,0,0,0,0,0,0,0,0,0,0,0,0,0,0,0,0,0,0,0,1977,11087
14,Ataxian Hive,446,37mm Spine 55 AA,14,8,Spine Flak Nest,38,2,8,0,0,0,Default,62,0,0,4,1,55,12,120,10,0,0,0,9,0,6,57,Spine Flak-37,0,5,0,0,0,4,Spine Carbine Mk.II,60,0,0,0,,0,0,0,0,,0,0,0,0,0,0,0,0,0,0,0,0,0,0,0,0,0,0,0,0,0,0,0,0,0,1978,14088
14,Ataxian Hive,447,57mm Spine 59 AA,14,8,Spine Flak Nest,35,3,7,0,0,0,Default,52,0,0,3,1,65,12,120,5,0,0,0,9,0,6,58,Heavy Spine Flak-57,0,5,0,0,0,4,Spine Carbine Mk.II,60,0,0,0,,0,0,0,0,,0,0,0,0,0,0,0,0,0,0,0,0,0,0,0,0,0,0,0,0,0,0,0,0,0,1981,11089
14,Ataxian Hive,448,37mm Spine 65 AA,14,8,Spine Flak Nest,34,2,8,0,0,0,Default,82,0,0,4,1,65,12,120,5,0,0,0,9,0,6,70,Twin Spine Flak-37T,0,5,0,0,0,5,Thorn Spitter Mk.II,60,0,0,0,,0,0,0,0,,0,0,0,0,0,0,0,0,0,0,0,0,0,0,0,0,0,0,0,0,0,0,0,0,0,1984,14214
14,Ataxian Hive,449,35mm Spine 90 AA,14,8,Spine Flak Nest,48,2,7,0,0,0,Default,82,0,0,3,1,90,12,120,100,0,0,0,9,0,6,71,Twin Spine Flak-35,0,5,0,0,0,5,Thorn Spitter Mk.II,60,0,0,0,,0,0,0,0,,0,0,0,0,0,0,0,0,0,0,0,0,0,0,0,0,0,0,0,0,0,0,0,0,0,63,14217
14,Ataxian Hive,450,Brood Transport Mk.I,14,60,Paratroop Transport,37,5,2,4,0,0,Default,90,0,40,0,1,49,12,85,0,0,0,0,0,0,0,0,,0,0,0,0,0,0,,0,0,0,0,,0,0,0,0,,0,0,0,6,0,0,0,0,0,0,0,0,0,0,0,0,0,0,0,0,0,0,0,0,202,2865,9082
14,Ataxian Hive,451,Brood Transport Mk.II,14,60,Paratroop Transport,29,5,2,4,0,0,Default,90,0,28,0,1,49,12,98,0,0,0,0,0,0,0,0,,0,0,0,0,0,0,,0,0,0,0,,0,0,0,0,,0,0,0,6,0,0,0,0,0,0,0,0,0,0,0,0,0,0,0,0,0,0,0,0,202,226,11024
14,Ataxian Hive,452,Brood Transport Mk.III,14,60,Paratroop Transport,23,5,2,3,0,0,Default,90,0,112,0,1,50,12,81,0,0,0,0,0,0,0,0,,0,0,0,0,0,0,,0,0,0,0,,0,0,0,0,,0,0,0,6,0,0,0,0,0,0,0,0,0,0,0,0,0,0,0,0,0,0,0,0,0,576,11018
14,Ataxian Hive,453,Brood Transport-26,14,60,Paratroop Transport,50,6,5,5,0,0,Default,90,0,140,0,1,91,12,91,0,0,0,0,0,2,0,0,,0,0,0,0,0,0,,0,0,0,0,,0,0,0,0,,0,0,0,8,0,0,0,0,0,0,0,0,0,0,0,0,0,0,0,0,0,0,0,0,202,2170,41268
14,Ataxian Hive,454,Brood Transport-14,14,60,Paratroop Transport,34,6,2,4,0,0,Default,90,0,26,0,1,54,12,120,0,0,0,0,0,1,0,0,,0,0,0,0,0,0,,0,0,0,0,,0,0,0,0,,0,0,0,8,0,0,0,0,0,0,0,0,0,0,0,0,0,0,0,0,0,0,0,0,202,1129,11160
14,Ataxian Hive,456,Brood Transport-C4,14,60,Paratroop Transport,29,5,2,4,0,0,Default,90,0,28,0,1,49,12,105,0,0,0,0,0,0,0,0,,0,0,0,0,0,0,,0,0,0,0,,0,0,0,0,,0,0,0,6,0,0,0,0,0,0,0,0,0,0,0,0,0,0,0,0,0,0,0,0,202,494,23431
14,Ataxian Hive,457,Brood Transport,14,60,Paratroop Transport,23,4,2,3,0,0,Default,90,0,112,0,1,58,12,120,0,0,0,0,0,0,0,0,,0,0,0,0,0,0,,0,0,0,0,,0,0,0,0,,0,0,0,6,0,0,0,0,0,0,0,0,0,0,0,0,0,0,0,0,0,0,0,0,0,576,11018
14,Ataxian Hive,458,Brood Transport-7,14,60,Paratroop Transport,44,4,5,4,0,0,Default,90,0,140,0,1,82,12,120,0,0,0,0,0,0,0,0,,0,0,0,0,0,0,,0,0,0,0,,0,0,0,0,,0,0,0,8,0,0,0,0,0,0,0,0,0,0,0,0,0,0,0,0,0,0,0,0,202,1113,14267
14,Ataxian Hive,459,Brood Transport-8,14,61,Transport Aircraft,60,5,4,8,0,0,Default,90,0,240,0,1,80,12,120,0,0,0,0,0,2,0,0,,0,0,0,0,0,0,,0,0,0,0,,0,0,0,0,,0,0,0,12,0,0,0,0,0,0,0,0,0,0,0,0,0,0,0,0,0,0,0,0,0,2728,11194
14,Ataxian Hive,460,Skitter Runner,14,32,Scout Vehicle,16,2,2,24,0,3,A/T Wheel,90,0,106,10,1,65,12,120,0,0,0,0,9,0,0,54,Heavy Spine Gun (AA),0,0,0,0,111,0,,0,0,0,0,,0,0,0,0,,0,0,0,0,0,0,0,0,0,0,0,0,0,0,0,0,0,0,0,0,0,0,0,0,0,2969,32182
14,Ataxian Hive,461,Skitter Runner-C,14,32,Scout Vehicle,19,2,3,22,3,3,A/T Wheel,93,0,106,9,1,80,12,120,0,0,0,0,9,0,0,52,Heavy Spine Gun-85 (AA),0,0,0,0,111,0,,0,0,0,0,,0,0,0,0,,0,0,0,0,0,0,0,0,0,0,0,0,0,0,0,0,0,0,0,0,0,0,0,0,0,3056,14250
14,Ataxian Hive,465,Bloat Bomber Mk.I,14,62,Bloat Bomber,60,5,4,6,0,0,Default,90,0,0,0,1,50,12,82,0,0,0,0,9,0,0,193,Light Spore Bomb,0,0,0,0,221,193,Light Spore Bomb,8,0,221,193,Light Spore Bomb,8,0,221,193,Light Spore Bomb,0,0,221,10,1,0,0,0,0,0,0,0,0,0,0,0,0,0,0,0,0,0,0,0,0,492,11157
14,Ataxian Hive,466,Bloat Bomber Mk.I,14,62,Bloat Bomber,62,5,4,6,0,0,Default,90,0,0,0,1,50,12,82,0,0,0,0,9,0,0,194,Spore Bomb,0,0,0,0,0,194,Spore Bomb,4,0,0,194,Spore Bomb,4,0,0,194,Spore Bomb,0,0,0,10,1,0,0,0,0,0,0,0,0,0,0,0,0,0,0,0,0,0,0,0,0,492,11157
14,Ataxian Hive,467,Bloat Bomber Mk.II,14,62,Bloat Bomber,78,6,3,9,0,0,Default,91,0,0,0,1,52,12,85,0,0,0,0,9,0,0,195,Heavy Spore Bomb,0,0,0,0,0,195,Heavy Spore Bomb,6,0,0,0,,0,0,0,0,,0,0,0,15,0,0,0,0,0,0,0,0,0,0,0,0,0,0,0,0,0,0,0,0,0,164,65386
14,Ataxian Hive,468,Bloat Bomber Mk.IIH,14,62,Bloat Bomber,79,6,3,9,0,0,Default,91,0,0,0,1,67,12,101,0,0,0,0,9,0,0,196,Siege Spore Bomb,0,0,0,0,0,196,Siege Spore Bomb,2,0,0,196,Siege Spore Bomb,2,0,0,0,,0,0,0,15,0,0,0,0,0,0,0,0,0,0,0,0,0,0,0,0,0,0,0,0,0,164,65386
14,Ataxian Hive,469,Bloat Bomber Mk.IIH,14,62,Bloat Bomber,113,6,3,9,0,0,Default,91,0,0,0,1,90,12,101,0,0,0,0,9,1,0,197,Airburst Spore Bomb,0,0,0,0,0,197,Airburst Spore Bomb,3,0,0,0,,0,0,0,0,,0,0,0,15,0,0,0,0,0,0,0,0,0,0,0,0,0,0,0,0,0,0,0,0,0,164,65386
14,Ataxian Hive,470,Pulse Moth-H,14,62,Bloat Bomber,100,4,1,22,0,0,Default,92,0,0,0,1,92,12,120,0,0,0,0,9,3,0,195,Heavy Spore Bomb,0,0,0,0,0,195,Heavy Spore Bomb,5,0,0,195,Heavy Spore Bomb,5,0,0,195,Heavy Spore Bomb,0,0,0,12,0,0,0,0,0,0,0,0,0,0,0,0,0,0,0,0,0,0,0,0,0,2712,14252
14,Ataxian Hive,473,Marsh Stalker,14,35,Marsh Stalker,56,4,4,22,4,4,Track,72,3,6,14,1,65,12,80,5,0,0,0,7,0,2,88,Acid Gun-85T,0,15,10,0,0,62,Spine Gun (Coax),90,0,0,54,Heavy Spine Gun (AA),120,0,111,0,,0,0,0,2,1,1,10,8,4,1,3,2,2,10,8,4,1,0,0,0,0,0,0,0,0,1623,14013
14,Ataxian Hive,474,Marsh Stalker Mk.II,14,35,Marsh Stalker,114,4,4,24,5,4,Track,72,3,6,14,1,85,12,100,5,1,0,0,6,0,22,90,Acid Gun-85TB,0,15,10,0,0,62,Spine Gun (Coax),90,0,0,54,Heavy Spine Gun (AA),120,0,111,0,,0,0,0,2,1,1,10,8,4,1,3,2,2,10,8,4,1,0,0,0,0,0,0,0,0,1624,14442
14,Ataxian Hive,475,Marsh Stalker G,14,35,Marsh Stalker,144,4,4,24,5,4,Track,72,4,6,14,1,95,12,120,10,2,0,0,6,0,22,99,Long Acid Cannon,0,0,20,10,0,62,Spine Gun (Coax),120,0,0,54,Heavy Spine Gun (AA),90,0,111,0,,0,0,0,2,1,1,10,8,4,1,3,2,2,10,8,4,1,0,0,0,0,0,0,0,0,1625,14222
14,Ataxian Hive,477,Bloat Bomber Mk.III,14,62,Bloat Bomber,122,0,7,10,0,0,Default,91,0,0,0,1,69,12,120,0,0,0,0,9,2,0,198,Grand Spore Bomb,0,0,0,0,0,198,Grand Spore Bomb,9,0,0,0,,0,0,0,0,,0,0,0,15,0,0,0,0,0,0,0,0,0,0,0,0,0,0,0,0,0,0,0,0,0,2101,9151
14,Ataxian Hive,478,Marsh Stalker Mk.I,14,35,Marsh Stalker,60,4,4,24,5,4,Track,72,3,6,14,1,72,12,88,5,0,0,0,7,0,2,90,Acid Gun-85TB,0,15,10,0,0,62,Spine Gun (Coax),90,0,0,54,Heavy Spine Gun (AA),120,0,111,0,,0,0,0,2,1,1,10,8,4,1,3,2,2,10,8,4,1,0,0,0,0,0,0,0,0,1626,14441
14,Ataxian Hive,483,Attack Flier-H,14,203,War Flier,356,2,2,99,0,0,Default,93,0,110,100,1,95,12,120,20,4,40,0,9,5,8,185,Twin Spine Flak-57T,0,2,0,0,0,185,Twin Spine Flak-57T,4,2,0,0,,0,0,0,0,,0,0,0,12,6,0,0,0,0,0,0,0,0,0,0,0,0,0,0,0,0,0,0,0,0,780,9164
14,Ataxian Hive,485,Hover Drone Mk.I,14,203,War Flier,68,4,2,70,0,0,Default,92,0,112,100,1,63,12,100,2,4,0,0,9,0,2,178,Heavy Spine Gun-54,0,0,0,0,111,185,Twin Spine Flak-57T,4,2,0,185,Twin Spine Flak-57T,4,2,0,0,,0,0,0,5,0,0,0,0,0,0,0,0,0,0,0,0,0,0,0,0,0,0,0,0,0,1911,11114
14,Ataxian Hive,486,Hover Drone Mk.I,14,203,War Flier,68,4,2,70,0,0,Default,90,0,112,100,1,81,12,120,2,4,0,0,9,0,2,178,Heavy Spine Gun-54,0,0,0,0,111,185,Twin Spine Flak-57T,4,2,0,185,Twin Spine Flak-57T,4,2,0,0,,0,0,0,5,0,0,0,0,0,0,0,0,0,0,0,0,0,0,0,0,0,0,0,0,0,1911,11114
14,Ataxian Hive,487,Hover Drone Mk.II,14,203,War Flier,173,4,3,87,0,0,Default,90,0,112,100,1,81,12,98,5,4,10,0,9,1,5,157,Acid Lance Mk.II,0,0,8,0,0,178,Heavy Spine Gun-54,20,0,111,178,Heavy Spine Gun-54,20,0,111,0,,0,0,0,4,0,0,0,0,0,0,0,0,0,0,0,0,0,0,0,0,0,0,0,0,0,1910,11118
14,Ataxian Hive,488,Attack Flier,14,203,War Flier,180,3,2,95,0,0,Default,91,0,116,100,1,92,12,99,5,5,30,0,9,3,3,157,Acid Lance Mk.II,0,0,4,0,0,178,Heavy Spine Gun-54,20,0,111,178,Heavy Spine Gun-54,20,0,111,0,,0,0,0,6,1,0,0,0,0,0,0,0,0,0,0,0,0,0,0,0,0,0,0,0,0,782,14266
14,Ataxian Hive,492,Attack Flier-L,14,203,War Flier,155,3,2,102,0,0,Default,91,0,0,100,1,87,1,90,5,5,20,0,9,1,5,157,Acid Lance Mk.II,0,0,4,0,0,125,Spore Seeker Mk.I,2,0,0,0,,0,0,0,0,,0,0,0,6,0,0,0,0,0,0,0,0,0,0,0,0,0,0,0,0,0,0,0,0,0,920,6119
14,Ataxian Hive,493,Attack Flier-L,14,203,War Flier,187,3,2,102,0,0,Default,91,0,0,100,1,90,1,120,5,5,20,0,9,1,5,158,Acid Lance Mk.IIE,0,0,4,0,0,150,Spore Tracker,2,0,0,0,,0,0,0,0,,0,0,0,6,0,0,0,0,0,0,0,0,0,0,0,0,0,0,0,0,0,0,0,0,0,921,6119
14,Ataxian Hive,499,Acid Lance Beast,14,131,Cavalry Tank,99,4,3,24,2,4,Track,82,4,0,11,1,86,12,110,0,0,10,0,4,0,0,157,Acid Lance Mk.II,0,0,8,0,0,0,,0,0,0,0,,0,0,0,0,,0,0,0,4,3,2,5,4,3,2,0,0,0,0,0,0,0,0,0,0,0,0,0,0,0,3428,14060
14,Ataxian Hive,501,Chitin Hauler-L,14,131,Cavalry Tank,52,4,3,24,2,4,Track,81,4,108,11,1,92,12,120,5,0,20,0,9,0,4,52,Heavy Spine Gun-85 (AA),0,0,0,0,111,0,,0,0,0,0,,0,0,0,0,,0,0,0,3,2,2,4,3,2,1,0,0,0,0,0,0,0,0,0,0,0,0,0,0,0,3417,14452
14,Ataxian Hive,503,Acid Lance Beast-89,14,19,SP ATGM,98,4,3,22,3,4,Track,92,4,0,11,1,90,12,110,0,0,10,0,4,0,0,157,Acid Lance Mk.II,0,0,8,0,0,0,,0,0,0,0,,0,0,0,0,,0,0,0,4,3,2,4,3,2,2,0,0,0,0,0,0,0,0,0,0,0,0,0,0,0,3428,14413
14,Ataxian Hive,505,Acid Lance Beast Mk.II,14,131,Cavalry Tank,97,3,3,31,3,3,A/T Wheel,91,4,0,11,1,88,12,120,0,0,10,0,4,0,0,157,Acid Lance Mk.II,0,0,8,0,0,0,,0,0,0,0,,0,0,0,0,,0,0,0,3,2,2,3,2,2,2,0,0,0,0,0,0,0,0,0,0,0,0,0,0,0,295,14409
14,Ataxian Hive,511,Husk Walker,14,139,Self Propelled Gun,73,4,4,17,0,4,Track,90,3,13,24,1,62,12,89,4,0,0,0,6,0,4,143,Acid Cannon-60,0,12,6,0,0,54,Heavy Spine Gun (AA),90,0,111,0,,0,0,0,0,,0,0,0,11,6,6,12,6,4,2,0,0,0,0,0,0,0,0,0,0,0,0,0,0,0,2937,55003
14,Ataxian Hive,512,Thorn Gun Runner,14,39,SP Gun,20,2,2,24,0,3,A/T Wheel,92,0,0,10,1,75,12,95,2,0,0,0,6,0,2,22,Thorn Gun-105,0,0,15,0,0,0,,0,0,0,0,,0,0,0,0,,0,0,0,0,0,0,0,0,0,0,0,0,0,0,0,0,0,0,0,0,0,0,0,0,0,464,14431
14,Ataxian Hive,513,Bore Worm,14,139,Self Propelled Gun,197,6,4,22,0,4,Track,92,4,0,33,1,89,12,120,25,3,20,2,6,0,22,106,Heavy Acid Cannon,0,0,20,10,0,52,Heavy Spine Gun-85 (AA),90,0,111,0,,0,0,0,0,,0,0,0,19,8,5,9,6,4,3,0,0,0,0,0,0,0,0,0,0,0,0,0,0,0,1890,65414
14,Ataxian Hive,515,Spore Launcher Truck,14,30,Spore Launcher Beast,66,2,4,18,0,3,A/T Wheel,90,3,0,10,1,90,12,100,0,0,0,0,4,0,0,125,Spore Seeker Mk.I,0,0,0,0,0,125,Spore Seeker Mk.I,4,0,0,0,,0,0,0,0,,0,0,0,0,0,0,0,0,0,0,0,0,0,0,0,0,0,0,0,0,0,0,0,0,0,76,14201
14,Ataxian Hive,516,Spore Launcher Beast,14,30,Spore Launcher Beast,99,5,3,30,0,3,A/T Wheel,90,4,0,10,9,88,12,120,100,0,20,0,4,2,0,142,Spore Seeker-7,0,0,0,0,0,0,,0,0,0,0,,0,0,0,0,,0,0,0,3,2,1,1,1,1,1,0,0,0,0,0,0,0,0,0,0,0,0,0,0,0,2233,14203
14,Ataxian Hive,517,Towed Spore Launcher,14,30,Spore Launcher Beast,198,4,7,12,0,3,A/T Wheel,90,0,0,10,1,92,12,120,0,0,40,0,4,2,0,132,Spore Seeker-9,0,0,0,0,0,0,,0,0,0,0,,0,0,0,0,,0,0,0,0,0,0,0,0,0,0,0,0,0,0,0,0,0,0,0,0,0,0,0,0,0,1409,14200
14,Ataxian Hive,519,Spore Launcher Beast,14,30,Spore Launcher Beast,66,2,4,24,0,3,A/T Wheel,90,2,0,10,1,89,12,120,0,0,30,0,4,0,0,142,Spore Seeker-7,0,0,0,0,0,0,,0,0,0,0,,0,0,0,0,,0,0,0,1,1,1,1,1,1,1,0,0,0,0,0,0,0,0,0,0,0,0,0,0,0,217,12029
14,Ataxian Hive,520,Husk Walker,14,139,Self Propelled Gun,73,4,4,17,0,4,Track,90,3,13,24,1,79,12,89,4,0,0,0,6,0,4,144,Acid Cannon-79,0,12,6,0,0,54,Heavy Spine Gun (AA),90,0,111,0,,0,0,0,0,,0,0,0,11,6,6,12,6,4,2,0,0,0,0,0,0,0,0,0,0,0,0,0,0,0,2937,55003
14,Ataxian Hive,525,Larval Swarm Launcher,14,151,Rocket Launcher,22,1,6,0,0,0,Default,90,0,0,2,1,50,12,82,0,0,0,0,8,0,0,204,Swarm Rocket-140,0,0,0,0,0,204,Swarm Rocket-140,8,0,0,0,,0,0,0,0,,0,0,0,0,0,0,0,0,0,0,0,0,0,0,0,0,0,0,0,0,0,0,0,0,0,1996,11166
14,Ataxian Hive,526,Swarm Launcher-63L,14,151,Rocket Launcher,20,1,6,1,0,0,Default,91,0,0,2,1,63,12,120,0,0,0,0,6,0,0,202,Swarm Rocket-107,0,0,0,0,0,202,Swarm Rocket-107,6,0,0,0,,0,0,0,0,,0,0,0,0,0,0,0,0,0,0,0,0,0,0,0,0,0,0,0,0,0,0,0,0,0,1996,8031
14,Ataxian Hive,527,Swarm Launcher-107,14,137,Swarm Launcher,21,3,6,12,0,2,Wheel,91,0,0,19,1,82,12,120,0,0,0,0,6,0,0,202,Swarm Rocket-107,0,0,0,0,0,202,Swarm Rocket-107,6,0,0,0,,0,0,0,0,,0,0,0,0,0,0,0,0,0,0,0,0,0,0,0,0,0,0,0,0,0,0,0,0,0,3724,32328
14,Ataxian Hive,530,Swarm Launcher-122,14,137,Swarm Launcher,35,5,6,12,0,3,A/T Wheel,91,0,0,19,1,82,12,120,0,0,0,0,20,0,0,104,Swarm Rocket-122,0,0,0,0,0,104,Swarm Rocket-122,20,0,0,0,,0,0,0,0,,0,0,0,0,0,0,0,0,0,0,0,0,0,0,0,0,0,0,0,0,0,0,0,0,0,3726,32316
14,Ataxian Hive,531,Swarm Launcher-83,14,137,Swarm Launcher,28,5,6,15,0,3,A/T Wheel,90,0,0,14,1,85,12,120,0,0,0,0,12,0,0,104,Swarm Rocket-122,0,0,0,0,0,104,Swarm Rocket-122,12,0,0,0,,0,0,0,0,,0,0,0,0,0,0,0,0,0,0,0,0,0,0,0,0,0,0,0,0,0,0,0,0,0,3713,32315
14,Ataxian Hive,532,Swarm Launcher-89,14,137,Swarm Launcher,48,6,6,22,0,4,Track,92,3,0,14,1,95,12,120,0,0,0,0,20,0,0,104,Swarm Rocket-122,0,0,0,0,0,104,Swarm Rocket-122,20,0,0,0,,0,0,0,0,,0,0,0,3,2,2,2,2,2,1,0,0,0,0,0,0,0,0,0,0,0,0,0,0,0,3731,32325
14,Ataxian Hive,535,Swarm Launcher-63,14,137,Swarm Launcher,31,4,6,15,0,3,A/T Wheel,90,0,0,12,1,63,12,88,0,0,0,0,15,0,0,105,Swarm Rocket-130,0,0,0,0,0,105,Swarm Rocket-130,14,0,0,0,,0,0,0,0,,0,0,0,0,0,0,0,0,0,0,0,0,0,0,0,0,0,0,0,0,0,0,0,0,0,397,32341
14,Ataxian Hive,542,Swarm Launcher-82,14,137,Swarm Launcher,32,2,6,15,0,3,A/T Wheel,92,0,0,15,1,82,12,120,0,0,0,0,15,0,0,105,Swarm Rocket-130,0,0,0,0,0,105,Swarm Rocket-130,15,0,0,0,,0,0,0,0,,0,0,0,0,0,0,0,0,0,0,0,0,0,0,0,0,0,0,0,0,0,0,0,0,0,7358,32342
14,Ataxian Hive,543,Swarm Launcher-130,14,137,Swarm Launcher,45,2,6,22,0,4,Track,92,3,0,12,1,86,12,120,0,0,0,0,15,0,0,105,Swarm Rocket-130,0,0,0,0,0,105,Swarm Rocket-130,15,0,0,0,,0,0,0,0,,0,0,0,3,2,2,2,2,2,2,0,0,0,0,0,0,0,0,0,0,0,0,0,0,0,398,14166
14,Ataxian Hive,545,Acid Lance Runner,14,129,Light SP ATGM,46,2,4,24,0,3,A/T Wheel,92,0,0,10,1,82,12,120,0,0,0,0,4,0,0,157,Acid Lance Mk.II,0,0,4,0,0,0,,0,0,0,0,,0,0,0,0,,0,0,0,0,0,0,0,0,0,0,0,0,0,0,0,0,0,0,0,0,0,0,0,0,0,149,4027
14,Ataxian Hive,552,Swarm Battery-81,14,31,Larval Swarm Battery,178,0,18,0,0,0,Default,91,0,0,0,1,82,12,120,0,0,0,0,24,0,0,104,Swarm Rocket-122,0,0,0,0,0,104,Swarm Rocket-122,48,0,0,104,Swarm Rocket-122,48,0,0,0,,0,0,0,0,0,0,0,0,0,0,0,0,0,0,0,0,0,0,0,0,0,0,0,0,0,0,14018
14,Ataxian Hive,553,Swarm Battery-83,14,31,Larval Swarm Battery,256,0,18,0,0,0,Default,92,0,0,0,1,84,12,120,0,0,0,0,4,0,0,203,Swarm Rocket-CM,0,0,0,0,0,203,Swarm Rocket-CM,8,0,0,203,Swarm Rocket-CM,8,0,0,0,,0,0,0,0,0,0,0,0,0,0,0,0,0,0,0,0,0,0,0,0,0,0,0,0,0,0,32271
14,Ataxian Hive,554,Swarm Battery-89,14,31,Larval Swarm Battery,226,0,18,0,0,0,Default,92,0,0,0,1,95,12,120,0,0,0,0,40,0,0,104,Swarm Rocket-122,0,0,0,0,0,104,Swarm Rocket-122,80,0,0,104,Swarm Rocket-122,80,0,0,0,,0,0,0,0,0,0,0,0,0,0,0,0,0,0,0,0,0,0,0,0,0,0,0,0,0,0,32325
14,Ataxian Hive,559,Larval Swarm Battery-24,14,31,Larval Swarm Battery,179,0,18,0,0,0,Default,91,0,0,0,1,65,12,89,0,0,0,0,12,0,0,205,Swarm Rocket-240,0,0,0,0,0,205,Swarm Rocket-240,24,0,0,205,Swarm Rocket-240,24,0,0,0,,0,0,0,0,0,0,0,0,0,0,0,0,0,0,0,0,0,0,0,0,0,0,0,0,0,0,11034
14,Ataxian Hive,563,Swarm Battery-70,14,31,Larval Swarm Battery,171,0,24,0,0,0,Default,52,0,0,0,1,73,12,97,0,0,0,0,19,0,0,105,Swarm Rocket-130,0,0,0,0,0,105,Swarm Rocket-130,38,0,0,105,Swarm Rocket-130,38,0,0,0,,0,0,0,0,0,0,0,0,0,0,0,0,0,0,0,0,0,0,0,0,0,0,0,0,0,0,14462
14,Ataxian Hive,564,Swarm Battery-82,14,31,Larval Swarm Battery,211,0,28,0,0,0,Default,92,0,0,0,1,82,12,120,0,0,0,0,30,0,0,105,Swarm Rocket-130,0,0,0,0,0,105,Swarm Rocket-130,60,0,0,105,Swarm Rocket-130,60,0,0,0,,0,0,0,0,0,0,0,0,0,0,0,0,0,0,0,0,0,0,0,0,0,0,0,0,0,0,65499
14,Ataxian Hive,565,Swarm Battery-85,14,31,Larval Swarm Battery,211,0,28,0,0,0,Default,92,0,0,0,1,86,12,120,0,0,0,0,30,0,0,105,Swarm Rocket-130,0,0,0,0,0,105,Swarm Rocket-130,60,0,0,105,Swarm Rocket-130,60,0,0,0,,0,0,0,0,0,0,0,0,0,0,0,0,0,0,0,0,0,0,0,0,0,0,0,0,0,0,14166
14,Ataxian Hive,568,Minespore Launcher-74,14,210,O/M Minelet Rocket Bty,297,0,24,0,0,0,Default,90,0,0,0,1,75,12,120,0,0,0,0,1,0,0,206,Minespore Rockets,0,3,0,0,0,206,Minespore Rockets,0,3,0,0,,0,0,0,0,,0,0,0,0,0,0,0,0,0,0,0,0,0,0,0,0,0,0,0,0,0,0,0,0,0,0,32329
14,Ataxian Hive,570,Thorn Launcher Team,14,7,AGL,18,1,6,5,0,0,Default,82,0,0,0,1,95,12,120,1,0,0,0,9,0,1,33,Thorn Launcher-87,0,0,5,0,0,33,Thorn Launcher-87,15,5,0,14,Spine Rifle Mk.IV,60,0,0,0,,0,0,0,0,0,0,0,0,0,0,0,0,0,0,0,0,0,0,0,0,0,0,0,0,0,252,14272
14,Ataxian Hive,575,Glide Pod,14,47,Glider,21,4,1,1,0,0,Default,0,0,118,15,1,47,12,120,0,0,0,0,0,0,0,0,,0,0,0,0,0,0,,0,0,0,0,,0,0,0,0,,0,0,0,3,0,0,0,0,0,0,0,0,0,0,0,0,0,0,0,0,0,0,0,0,0,1179,65008
14,Ataxian Hive,578,Heavy Hauler,14,28,Heavy Truck,17,4,2,15,0,2,Wheel,51,0,132,12,1,46,12,120,0,0,0,0,0,0,0,0,,0,0,0,0,0,0,,0,0,0,0,,0,0,0,0,,0,0,0,0,0,0,0,0,0,0,0,0,0,0,0,0,0,0,0,0,0,0,0,0,0,653,7069
14,Ataxian Hive,579,Hauler,14,27,Medium Truck,11,3,2,18,0,2,Wheel,11,0,118,12,1,46,12,120,0,0,0,0,0,0,0,0,,0,0,0,0,0,0,,0,0,0,0,,0,0,0,0,,0,0,0,0,0,0,0,0,0,0,0,0,0,0,0,0,0,0,0,0,0,0,0,0,0,3029,32338
14,Ataxian Hive,580,Pulse Moth-H,14,214,Pulse Moth,145,4,1,22,0,0,Default,91,0,0,0,1,93,12,106,10,0,20,0,9,3,0,176,Spine Cannon-23T,0,1,0,0,0,164,Pulse Seeker,2,0,0,192,Spore Cluster (AP),2,0,0,0,,0,0,0,9,0,0,0,0,0,0,0,0,0,0,0,0,0,0,0,0,0,0,0,0,0,2712,14252
14,Ataxian Hive,581,Pulse Moth,14,214,Pulse Moth,129,4,1,23,0,0,Default,91,0,0,0,1,85,12,106,15,0,20,0,9,2,0,176,Spine Cannon-23T,0,1,0,0,0,164,Pulse Seeker,2,0,0,0,,0,0,0,0,,0,0,0,10,0,0,0,0,0,0,0,0,0,0,0,0,0,0,0,0,0,0,0,0,0,2713,14209
14,Ataxian Hive,586,Grand Hive Spore,14,16,Hive Spore Battery,243,6,8,20,0,3,A/T Wheel,90,6,0,45,6,93,12,120,110,0,0,0,4,7,0,244,Grand Hive Spore,0,0,0,0,0,0,,0,0,0,0,,0,0,0,0,,0,0,0,0,0,0,0,0,0,0,0,0,0,0,0,0,0,0,0,0,0,0,0,0,0,4598,41281
14,Ataxian Hive,590,Hive Spore Battery Mk.I,14,16,Hive Spore Battery,78,2,10,0,0,0,Default,91,0,0,10,1,60,12,120,100,0,0,0,1,2,0,135,Grand Spore Mk.I,0,0,0,0,0,0,,0,0,0,0,,0,0,0,0,,0,0,0,0,0,0,0,0,0,0,0,0,0,0,0,0,0,0,0,0,0,0,0,0,0,845,11047
14,Ataxian Hive,591,Hive Spore Battery Mk.II,14,16,Hive Spore Battery,96,6,10,0,0,0,Default,91,0,0,15,1,66,12,120,100,0,0,0,1,3,0,136,Grand Spore Mk.II,0,0,0,0,0,0,,0,0,0,0,,0,0,0,0,,0,0,0,0,0,0,0,0,0,0,0,0,0,0,0,0,0,0,0,0,0,0,0,0,0,845,11047
14,Ataxian Hive,592,Hive Spore Battery Mk.IIA,14,16,Hive Spore Battery,107,6,10,0,0,0,Default,91,0,0,15,6,84,12,120,100,0,0,0,1,4,0,137,Grand Spore Mk.IIA,0,0,0,0,0,0,,0,0,0,0,,0,0,0,0,,0,0,0,0,0,0,0,0,0,0,0,0,0,0,0,0,0,0,0,0,0,0,0,0,0,845,11047
14,Ataxian Hive,593,Hive Spore Battery-61,14,16,Hive Spore Battery,117,6,10,0,0,0,Default,91,0,0,15,1,89,12,120,105,0,0,0,1,6,0,138,Grand Spore-61,0,0,0,0,0,0,,0,0,0,0,,0,0,0,0,,0,0,0,0,0,0,0,0,0,0,0,0,0,0,0,0,0,0,0,0,0,0,0,0,0,845,14202
14,Ataxian Hive,596,Spore Launcher-9,14,16,Hive Spore Battery,149,5,5,0,0,0,Default,91,0,0,10,1,92,12,120,0,0,40,0,4,2,0,132,Spore Seeker-9,0,0,0,0,0,0,,0,0,0,0,,0,0,0,0,,0,0,0,0,0,0,0,0,0,0,0,0,0,0,0,0,0,0,0,0,0,0,0,0,0,2032,14200
14,Ataxian Hive,597,Nutrient Bunker,14,56,Nutrient Cache,65,1,6,0,0,0,Default,93,0,0,99,1,46,12,120,0,0,0,0,0,0,0,0,,0,0,0,0,0,0,,0,0,0,0,,0,0,0,0,,0,0,0,12,12,16,8,18,24,32,0,0,0,0,0,0,0,0,0,0,0,0,0,0,0,416,13011
14,Ataxian Hive,598,Hauler Beast,14,180,Artillery Prime Mover,17,4,4,16,0,2,Wheel,50,0,126,12,1,46,12,120,0,0,0,0,0,0,0,0,,0,0,0,0,0,0,,0,0,0,0,,0,0,0,0,,0,0,0,0,0,0,0,0,0,0,0,0,0,0,0,0,0,0,0,0,0,0,0,0,0,1990,12061
14,Ataxian Hive,599,Pack Grubs,14,182,Pack Animals,12,2,4,7,0,0,Default,20,0,109,10,1,46,12,120,0,0,0,0,9,0,0,2,Sting Pistol,0,0,0,0,0,209,Spine Carbine-I,10,0,0,121,Spore Grenade,4,0,0,0,,0,0,0,0,0,0,0,0,0,0,0,0,0,0,0,0,0,0,0,0,0,0,0,0,222,641,13014
14,Ataxian Hive,600,Drag Sled,14,109,Wagon,10,3,2,7,0,3,A/T Wheel,10,0,118,15,1,46,12,120,0,0,0,0,0,0,0,0,,0,0,0,0,0,0,,0,0,0,0,,0,0,0,0,,0,0,0,0,0,0,0,0,0,0,0,0,0,0,0,0,0,0,0,0,0,0,0,0,222,859,36010
14,Ataxian Hive,601,Mega Hauler,14,138,Heavy Transporter,26,4,2,9,0,2,Wheel,90,0,255,28,1,50,12,120,0,0,0,0,0,0,0,0,,0,0,0,0,0,0,,0,0,0,0,,0,0,0,0,,0,0,0,0,0,0,0,0,0,0,0,0,0,0,0,0,0,0,0,0,0,0,0,0,0,828,45423
14,Ataxian Hive,602,Carapace Walker Mk.Ib,14,102,Husk Walker,146,4,4,18,0,4,Track,82,4,13,27,1,91,12,110,5,1,20,0,6,0,22,102,Acid Cannon Mk.IV,0,0,18,6,0,62,Spine Gun (Coax),120,0,0,54,Heavy Spine Gun (AA),90,0,111,61,Spine Gun (Bow),0,0,0,19,8,6,20,15,6,4,19,16,6,20,15,6,4,0,0,0,0,0,0,0,0,1601,14263
14,Ataxian Hive,603,Carapace Walker Mk.II,14,102,Husk Walker,157,4,4,18,0,4,Track,82,4,13,27,1,86,12,110,10,1,25,0,6,0,22,247,Acid Cannon-L7H,0,0,15,9,0,62,Spine Gun (Coax),120,0,0,52,Heavy Spine Gun-85 (AA),90,0,111,61,Spine Gun (Bow),0,0,0,19,8,6,20,15,6,4,19,16,6,20,15,6,4,0,0,0,0,0,0,0,0,1602,14264
14,Ataxian Hive,604,Carapace Walker Mk.III,14,102,Husk Walker,98,4,4,18,0,4,Track,72,4,13,27,1,80,12,86,5,1,20,0,6,0,6,92,Acid Cannon-II,0,9,9,3,0,62,Spine Gun (Coax),120,0,0,54,Heavy Spine Gun (AA),90,0,111,61,Spine Gun (Bow),0,0,0,19,8,6,23,15,6,4,20,16,6,24,16,7,4,0,0,0,0,0,0,0,0,1604,14255
14,Ataxian Hive,605,Carapace Walker Mk.III,14,102,Husk Walker,99,4,4,18,0,4,Track,72,4,13,27,1,87,12,110,5,1,20,0,6,0,6,97,Acid Cannon-III,0,9,9,3,0,62,Spine Gun (Coax),120,0,0,54,Heavy Spine Gun (AA),90,0,111,61,Spine Gun (Bow),0,0,0,19,8,6,23,15,6,4,20,16,6,24,16,7,4,0,0,0,0,0,0,0,0,1604,14255
14,Ataxian Hive,616,Carapace Walker Mk.I,14,102,Husk Walker,79,4,4,16,0,4,Track,62,4,13,27,1,73,12,96,3,0,10,0,6,0,6,91,Acid Cannon-I,0,12,6,0,0,62,Spine Gun (Coax),120,0,0,54,Heavy Spine Gun (AA),90,0,111,61,Spine Gun (Bow),0,0,0,19,8,6,20,15,6,4,0,0,0,0,0,0,0,0,0,0,0,0,0,0,0,1600,14262
14,Ataxian Hive,617,Carrier Beast Mk.II,14,56,Nutrient Cache,45,4,2,16,4,4,Track,82,4,0,12,1,80,12,120,0,0,0,0,9,0,0,54,Heavy Spine Gun (AA),0,0,0,0,111,0,,0,0,0,0,,0,0,0,0,,0,0,0,2,1,1,2,1,1,1,0,0,0,0,0,0,0,0,0,0,0,0,0,0,0,2076,11057
14,Ataxian Hive,618,Carrier Beast,14,34,Heavy Amphibian,28,4,2,16,4,4,Track,42,4,114,12,1,77,12,90,0,0,0,0,9,0,0,54,Heavy Spine Gun (AA),0,0,0,0,111,0,,0,0,0,0,,0,0,0,0,,0,0,0,2,1,1,2,1,1,1,0,0,0,0,0,0,0,0,0,0,0,0,0,0,0,2076,11057
14,Ataxian Hive,619,Carrier Beast Mk.II,14,34,Heavy Amphibian,30,4,2,16,4,4,Track,82,4,114,12,1,80,12,105,0,0,0,0,9,0,0,54,Heavy Spine Gun (AA),0,0,0,0,111,0,,0,0,0,0,,0,0,0,0,,0,0,0,2,1,1,2,1,1,1,0,0,0,0,0,0,0,0,0,0,0,0,0,0,0,2076,11057
14,Ataxian Hive,631,Bore Beetle ATG,14,6,Impaler Emplacement,12,1,4,4,0,0,Default,42,0,0,0,1,67,12,82,2,0,0,0,7,0,2,45,Bore Launcher-65,0,0,20,0,0,5,Thorn Spitter Mk.II,60,0,0,121,Spore Grenade,4,0,0,0,,0,0,0,0,0,0,0,0,0,0,0,0,0,0,0,0,0,0,0,0,0,0,0,0,0,826,12073
14,Ataxian Hive,632,Bore Beetle ATG-78,14,6,Impaler Emplacement,12,1,4,4,0,0,Default,42,0,0,0,1,82,12,120,2,0,0,0,7,0,2,27,Bore Launcher-78,0,0,20,0,0,5,Thorn Spitter Mk.II,60,0,0,121,Spore Grenade,4,0,0,0,,0,0,0,0,0,0,0,0,0,0,0,0,0,0,0,0,0,0,0,0,0,0,0,0,0,826,12073
14,Ataxian Hive,635,Acid Spitter Team,14,40,Heavy Infantry,20,0,3,6,0,0,Default,90,0,0,0,1,55,12,80,0,0,0,0,9,0,0,119,Acid Jet,0,0,0,0,0,8,Spine Rifle Mk.II,60,0,0,121,Spore Grenade,6,0,0,0,,0,0,0,0,0,0,0,0,0,0,0,0,0,0,0,0,0,0,0,0,0,0,0,0,0,0,34604
14,Ataxian Hive,636,Acid Spitter Team,14,40,Heavy Infantry,20,0,3,6,0,0,Default,90,0,0,0,1,81,12,120,0,0,0,0,9,0,0,119,Acid Jet,0,0,0,0,0,14,Spine Rifle Mk.IV,60,0,0,121,Spore Grenade,6,0,0,0,,0,0,0,0,0,0,0,0,0,0,0,0,0,0,0,0,0,0,0,0,0,0,0,0,0,0,21176
14,Ataxian Hive,642,Resin Foxhole,14,0,Chitin Fortification,22,0,10,0,0,0,Default,90,2,0,100,1,70,12,120,2,0,5,0,9,0,2,8,Spine Rifle Mk.II,0,0,0,0,160,35,Medium Spine Gun-67,120,0,0,0,,0,0,0,121,Spore Grenade,0,0,0,3,3,3,3,3,3,0,0,0,0,0,0,0,0,0,0,0,0,0,0,0,0,433,9153
14,Ataxian Hive,645,Spine Nest Pit,14,0,Chitin Fortification,28,0,10,0,0,0,Default,90,2,0,100,1,70,12,120,2,0,5,0,9,0,2,38,Heavy Spine Gun,0,0,0,0,111,38,Heavy Spine Gun,120,0,111,8,Spine Rifle Mk.II,90,0,160,121,Spore Grenade,0,0,0,3,3,3,3,3,3,0,0,0,0,0,0,0,0,0,0,0,0,0,0,0,0,432,52052
14,Ataxian Hive,665,Nutrient Sled,14,56,Nutrient Cache,23,3,2,7,0,3,A/T Wheel,11,0,0,25,1,46,12,101,0,0,0,0,0,0,0,0,,0,0,0,0,0,0,,0,0,0,0,,0,0,0,0,,0,0,0,0,0,0,0,0,0,0,0,0,0,0,0,0,0,0,0,0,0,0,0,0,222,859,36010
14,Ataxian Hive,666,Nutrient Sac,14,56,Nutrient Cache,24,0,1,0,0,0,Default,93,0,0,0,1,46,12,120,0,0,0,0,0,0,0,0,,0,0,0,0,0,0,,0,0,0,0,,0,0,0,0,,0,0,0,0,0,0,0,0,0,0,0,0,0,0,0,0,0,0,0,0,0,0,0,0,0,414,32137
14,Ataxian Hive,667,Nutrient Ship,14,56,Nutrient Cache,63,8,9,0,8,7,Ship,93,2,0,99,1,46,12,120,0,0,0,0,9,0,0,55,Twin Heavy Spine (AA),0,0,0,0,208,0,,0,0,0,0,,0,0,0,0,,0,0,0,4,4,4,4,4,4,3,6,6,6,6,6,6,5,0,0,0,0,0,0,0,0,860,41245
14,Ataxian Hive,725,Carrier Beast G,14,25,Carrier Beast,35,3,2,21,2,4,Track,82,4,113,10,1,84,12,120,0,0,8,0,9,0,0,54,Heavy Spine Gun (AA),0,0,0,0,111,0,,0,0,0,0,,0,0,0,0,,0,0,0,4,3,2,2,2,2,2,0,0,0,0,0,0,0,0,0,0,0,0,0,0,0,2290,14423
14,Ataxian Hive,727,Warrior Beast G,14,25,Carrier Beast,270,4,3,24,2,4,Track,81,4,108,11,1,92,12,120,30,5,40,2,9,0,22,147,Spine Cannon-2A72,0,0,0,26,0,154,Acid Lance Mk.IC,0,4,0,64,Spine Gun-67 (Coax),120,0,0,0,,0,0,0,3,2,2,4,3,2,1,0,0,0,0,0,0,0,0,0,0,0,0,0,0,0,3401,14404
14,Ataxian Hive,728,Skitter Runner,14,26,Utility Vehicle,11,2,2,24,0,3,A/T Wheel,90,0,106,10,1,65,12,120,0,0,0,0,9,0,0,0,,0,0,0,0,0,0,,0,0,0,0,,0,0,0,0,,0,0,0,0,0,0,0,0,0,0,0,0,0,0,0,0,0,0,0,0,0,0,0,0,0,2969,32182
14,Ataxian Hive,730,Acid Lancer Team,14,206,Acid Lancer Team,53,0,3,3,0,0,Default,52,0,0,0,1,90,12,98,0,0,0,0,4,0,0,160,Acid Lance Mk.IIA,0,0,4,0,0,7,Spine Rifle Mk.III,60,0,0,19,Bio-Projector-74,0,3,0,121,Spore Grenade,0,0,0,0,0,0,0,0,0,0,0,0,0,0,0,0,0,0,0,0,0,0,0,0,0,0,14428
14,Ataxian Hive,731,Acid Lancer Team,14,206,Acid Lancer Team,67,0,3,3,0,0,Default,52,0,0,0,1,93,12,100,0,0,10,0,4,0,0,161,Acid Lance Mk.IIC,0,0,4,0,0,7,Spine Rifle Mk.III,60,0,0,19,Bio-Projector-74,0,3,0,121,Spore Grenade,0,0,0,0,0,0,0,0,0,0,0,0,0,0,0,0,0,0,0,0,0,0,0,0,0,0,14428
14,Ataxian Hive,733,Swoop Drone Mk.IVC,14,44,Swoop Drone,96,4,1,22,0,0,Default,90,0,0,0,1,88,12,104,10,0,20,0,9,2,0,176,Spine Cannon-23T,0,2,0,0,0,186,Quad Spine Flak-57,4,0,0,186,Quad Spine Flak-57,4,0,0,0,,0,0,0,9,0,0,0,0,0,0,0,0,0,0,0,0,0,0,0,0,0,0,0,0,0,2758,11141
14,Ataxian Hive,734,Swoop Drone Mk.IVC,14,44,Swoop Drone,96,4,1,22,0,0,Default,90,0,0,0,1,88,12,104,10,0,20,0,9,2,0,176,Spine Cannon-23T,0,2,0,0,0,195,Heavy Spore Bomb,2,0,0,195,Heavy Spore Bomb,2,0,0,0,,0,0,0,9,0,0,0,0,0,0,0,0,0,0,0,0,0,0,0,0,0,0,0,0,0,2758,11141
14,Ataxian Hive,741,Hive Spore Battery Mk.IIB,14,16,Hive Spore Battery,129,6,10,0,0,0,Default,91,0,0,15,6,93,12,120,100,0,0,0,1,6,0,139,Grand Spore Mk.IIB,0,0,0,0,0,0,,0,0,0,0,,0,0,0,0,,0,0,0,0,0,0,0,0,0,0,0,0,0,0,0,0,0,0,0,0,0,0,0,0,0,845,11047
14,Ataxian Hive,746,Swarm Launcher-70,14,137,Swarm Launcher,41,3,6,20,2,4,Track,52,4,0,10,1,73,12,97,0,0,0,0,10,0,0,105,Swarm Rocket-130,0,0,0,0,0,105,Swarm Rocket-130,9,0,0,0,,0,0,0,0,,0,0,0,4,3,2,2,2,2,2,0,0,0,0,0,0,0,0,0,0,0,0,0,0,0,3721,14462
14,Ataxian Hive,751,Phantom Caste,14,83,Phantom Caste,29,1,10,6,0,0,Default,72,0,0,0,1,90,12,95,0,0,0,0,9,0,0,14,Spine Rifle Mk.IV,6,0,0,0,0,17,Spine Autogun,90,0,0,121,Spore Grenade,30,0,0,151,Bio-Projector-69II,6,6,0,0,0,0,0,0,0,0,0,0,0,0,0,0,0,0,0,0,0,0,0,0,0,0,14468
14,Ataxian Hive,802,37mm Spine 74 AA,14,8,Spine Flak Nest,52,2,8,0,0,0,Default,82,0,0,4,1,74,12,120,100,0,0,0,9,0,6,237,Twin Spine Flak-37H,0,0,0,0,0,5,Thorn Spitter Mk.II,60,0,0,0,,0,0,0,0,,0,0,0,0,0,0,0,0,0,0,0,0,0,0,0,0,0,0,0,0,0,0,0,0,0,63,14214
14,Ataxian Hive,803,37mm Spine-793 AA,14,8,Spine Flak Nest,54,2,8,0,0,0,Default,81,0,0,4,1,94,12,120,100,0,0,0,9,0,6,238,Twin Spine Flak-37,0,0,0,0,0,5,Thorn Spitter Mk.II,60,0,0,0,,0,0,0,0,,0,0,0,0,0,0,0,0,0,0,0,0,0,0,0,0,0,0,0,0,0,0,0,0,0,63,14214
14,Ataxian Hive,816,Sensor Polyp,14,229,Para Forward Observer,76,0,2,6,0,0,Default,90,0,0,0,1,70,12,120,0,0,0,0,9,0,0,4,Spine Carbine Mk.II,0,0,0,0,0,121,Spore Grenade,6,0,0,121,Spore Grenade,6,0,0,0,,0,0,0,0,0,0,0,0,0,0,0,0,0,0,0,0,0,0,0,0,0,0,0,0,0,0,41080
14,Ataxian Hive,817,Sensor Polyp,14,229,Para Forward Observer,79,0,2,6,0,0,Default,90,0,0,0,1,80,12,120,0,0,10,0,9,0,0,7,Spine Rifle Mk.III,0,0,0,0,0,121,Spore Grenade,6,0,0,121,Spore Grenade,6,0,0,0,,0,0,0,0,0,0,0,0,0,0,0,0,0,0,0,0,0,0,0,0,0,0,0,0,0,0,41080
14,Ataxian Hive,818,Sensor Polyp,14,229,Para Forward Observer,82,0,2,6,0,0,Default,90,0,0,0,1,95,12,120,0,0,20,0,9,0,0,5,Thorn Spitter Mk.II,0,0,0,0,0,121,Spore Grenade,6,0,0,121,Spore Grenade,6,0,0,0,,0,0,0,0,0,0,0,0,0,0,0,0,0,0,0,0,0,0,0,0,0,0,0,0,0,0,41080
14,Ataxian Hive,831,Light Hauler,14,121,Brood Pod,8,2,1,20,0,3,A/T Wheel,90,0,2,10,1,46,12,120,0,0,0,0,0,0,0,0,,0,0,0,0,0,0,,0,0,0,0,,0,0,0,0,,0,0,0,0,0,0,0,0,0,0,0,0,0,0,0,0,0,0,0,0,0,0,0,0,0,878,65014
14,Ataxian Hive,832,Brood Pod,14,121,Brood Pod,16,3,2,27,0,3,A/T Wheel,90,3,2,10,1,55,12,105,0,0,0,0,9,0,0,54,Heavy Spine Gun (AA),0,0,0,0,0,0,,0,0,0,0,,0,0,0,0,,0,0,0,1,1,1,1,1,1,0,0,0,0,0,0,0,0,0,0,0,0,0,0,0,0,2927,11051
14,Ataxian Hive,833,Skitter Runner,14,121,Brood Pod,9,2,2,24,0,3,A/T Wheel,90,0,2,10,1,65,12,120,0,0,0,0,9,0,0,0,,0,0,0,0,0,0,,0,0,0,0,,0,0,0,0,,0,0,0,0,0,0,0,0,0,0,0,0,0,0,0,0,0,0,0,0,0,0,0,0,0,2969,32182
14,Ataxian Hive,834,Skitter Runner-S,14,121,Brood Pod,9,2,2,25,0,3,A/T Wheel,90,0,2,10,1,65,12,120,0,0,0,0,9,0,0,0,,0,0,0,0,0,0,,0,0,0,0,,0,0,0,0,,0,0,0,0,0,0,0,0,0,0,0,0,0,0,0,0,0,0,0,0,0,0,0,0,0,2969,32182
14,Ataxian Hive,837,Carrier Beast,14,121,Brood Pod,25,4,1,16,4,4,Track,90,4,114,12,1,77,12,105,0,0,0,0,9,0,0,0,,0,0,0,0,0,0,,0,0,0,0,,0,0,0,0,,0,0,0,2,1,1,2,1,1,1,0,0,0,0,0,0,0,0,0,0,0,0,0,0,0,2080,11057
14,Ataxian Hive,838,Carrier Beast A,14,121,Brood Pod,25,3,2,20,2,4,Track,52,4,2,10,1,68,12,110,0,0,0,0,9,0,0,54,Heavy Spine Gun (AA),0,0,0,0,111,0,,0,0,0,0,,0,0,0,0,,0,0,0,4,3,2,1,1,1,2,0,0,0,0,0,0,0,0,0,0,0,0,0,0,0,2290,65010
14,Ataxian Hive,839,Carrier Beast-89,14,121,Brood Pod,28,3,2,22,3,4,Track,82,3,2,11,6,90,12,120,0,0,0,0,9,0,0,52,Heavy Spine Gun-85 (AA),0,0,0,0,111,0,,0,0,0,0,,0,0,0,0,,0,0,0,4,3,2,2,2,2,2,0,0,0,0,0,0,0,0,0,0,0,0,0,0,0,3427,65411
14,Ataxian Hive,950,Dive Drone Mk.I,14,44,Swoop Drone,97,4,1,12,0,0,Default,90,0,0,0,1,90,12,105,15,0,20,0,9,2,0,176,Spine Cannon-23T,0,1,0,0,0,189,Burrowing Spore Bomb,2,0,0,189,Burrowing Spore Bomb,2,0,0,0,,0,0,0,10,0,0,0,0,0,0,0,0,0,0,0,0,0,0,0,0,0,0,0,0,0,2156,14145
14,Ataxian Hive,951,Pulse Moth-H,14,44,Swoop Drone,152,4,1,22,0,0,Default,90,0,0,0,1,92,12,120,25,0,30,0,9,3,0,176,Spine Cannon-23T,0,1,0,0,0,189,Burrowing Spore Bomb,3,0,0,189,Burrowing Spore Bomb,3,0,0,0,,0,0,0,15,1,0,0,0,0,0,0,0,0,0,0,0,0,0,0,0,0,0,0,0,84,2712,14252
14,Ataxian Hive,952,Pulse Moth E,14,44,Swoop Drone,114,4,1,25,0,0,Default,90,0,0,0,1,90,12,120,10,0,20,0,9,4,0,176,Spine Cannon-23T,0,1,0,0,0,189,Burrowing Spore Bomb,2,0,0,189,Burrowing Spore Bomb,2,0,0,189,Burrowing Spore Bomb,0,0,0,10,0,0,0,0,0,0,0,0,0,0,0,0,0,0,0,0,0,0,0,0,0,2713,14209
14,Ataxian Hive,957,Dive Drone Mk.I,14,44,Swoop Drone,132,4,1,12,0,0,Default,90,0,0,0,1,90,12,105,15,0,20,0,9,2,0,176,Spine Cannon-23T,0,1,0,0,0,224,Twin Bio-Rockets-90,7,0,0,224,Twin Bio-Rockets-90,7,0,0,0,,0,0,0,10,0,0,0,0,0,0,0,0,0,0,0,0,0,0,0,0,0,0,0,0,0,2156,14145
14,Ataxian Hive,958,Dive Drone Mk.I,14,44,Swoop Drone,129,4,1,12,0,0,Default,90,0,0,0,1,90,12,105,15,0,20,0,9,2,0,176,Spine Cannon-23T,0,1,0,0,0,227,Twin Swarm Rocket-130,4,0,0,227,Twin Swarm Rocket-130,4,0,0,0,,0,0,0,10,0,0,0,0,0,0,0,0,0,0,0,0,0,0,0,0,0,0,0,0,0,2156,14145
14,Ataxian Hive,959,Pulse Moth E,14,44,Swoop Drone,151,4,1,23,0,0,Default,92,0,0,0,1,90,12,107,15,0,30,0,9,4,0,176,Spine Cannon-23T,0,1,0,0,0,227,Twin Swarm Rocket-130,4,0,0,227,Twin Swarm Rocket-130,4,0,0,0,,0,0,0,10,0,0,0,0,0,0,0,0,0,0,0,0,0,0,0,0,0,0,0,0,0,2713,14209
14,Ataxian Hive,961,Storm Drone,14,44,Swoop Drone,200,5,1,29,0,0,Default,91,0,0,0,1,93,12,120,15,0,30,0,9,5,0,179,Spine Cannon-30,0,1,0,0,0,228,Bio-Rocket Salvo,5,0,0,228,Bio-Rocket Salvo,5,0,0,200,Spore Cluster (HE),0,0,0,15,1,0,0,0,0,0,0,0,0,0,0,0,0,0,0,0,0,0,0,0,0,2735,14206
